trading_date,selected_symbols,selected_count,daily_return,benchmark_return,avg_predicted_return,daily_cost_rate,daily_return_net,cumulative_return,cumulative_return_net,benchmark_cumulative_return
2022-02-24,"DPR,BVS,TL4,CLX,ILA,PGB,CIA,BTS,ITD,VE9",10,0.02073469139336558,0.04596897301597133,0.010926306271388997,0.004,0.01673469139336558,0.02073469139336548,0.016734691393365475,0.04596897301597136
2022-02-25,"HPX,CLX,EVS,BMS,TDT,DHM,ITD,ILA",8,0.009991452610921284,0.01876062031976776,0.008545045045116328,0.004,0.005991452610921284,0.0309333136907457,0.022826409114728552,0.0655919997849812
2022-02-28,"BVS,MPC,MIG,NAB,DHM,MAC,TDT",7,0.035523410047770744,0.03725955783249396,0.007077549795141477,0.004,0.03152341004777075,0.0675555805248893,0.055069385416941063,0.10529548652681253
2022-03-01,"VMD,BMS,VNH,DHM",4,0.03560601407200484,0.01939989268608228,0.006313959999147023,0.004,0.031606014072004834,0.10556697954770589,0.08841592325937042,0.12673810035184396
2022-03-02,"KSQ,NAF,CIA,DPR,BMS,GSP,S99,MIG,VMD,DHM",10,0.011409902822264928,0.020594346151502487,0.00854457630231733,0.004,0.0074099028222649275,0.11818139134785022,0.09648097948092804,0.14994253481257624
2022-03-03,"ILA,DPR,AFX",3,0.002705592547231831,0.01764551779617231,0.009005039130021597,0.004,-0.001294407452768169,0.12120673458673425,0.09506168632926926,0.170233866275187
2022-03-04,"NAF,PGB,DBD,TTZ,BHA",5,-0.0023569873492851113,0.024853077979518502,0.009171067118617149,0.004,-0.006356987349285111,0.11856406449738,0.08810039304258721,0.19931777980799747
2022-03-07,"NAG,NHH,NAF,SSN,HBS,ILA",6,-0.017733578849026693,-0.02076071388551835,0.0063915841836844995,0.004,-0.021733578849026693,0.0987279204619278,0.06445207735473923,0.17441908652358862
2022-03-08,"MPC,AFX,S99,TDT,SWC,MAC,NHH,ACL,HBS,EVS",10,0.0001541962279277387,-0.019722885357256165,0.008619984427451554,0.004,-0.0038458037720722612,0.09889734016278173,0.060358403540458294,0.15125615351871025
2022-03-09,"MPC,NAF,NHH,HBS,BHA,BTN",6,0.0031126677900720954,-0.0261867091676402,0.010345224298843658,0.004,-0.0008873322099279047,0.10231784251810239,0.059417513374929065,0.12110854344905952
2022-03-10,"MAC,EVS,SSN,TDT,S99,NAF,HBS",7,-0.0022343583971754194,-0.03699665502991449,0.007382082570639976,0.004,-0.00623435839717542,0.09985486939031585,0.05281272490430533,0.07963127741598486
2022-03-11,"NAF,MAC,S99,BMS,MIG,ILA,TDT",7,-0.008619216180185272,-0.022057818477659513,0.007765240691527049,0.004,-0.012619216180185272,0.09037498250421128,0.039527053531488,0.05581696667593938
2022-03-14,"VE9,NAF,BMS,DBD,KMR,GHC,SMT,S99,TDT,ILA",10,0.0167077439034092,0.016623208251618313,0.01092792510267111,0.004,0.012707743903409199,0.1085926884705759,0.05273709710843155,0.07336803198858544
2022-03-15,"BVS,S99,KMR,GSP,NAF",5,0.01642071441216806,0.005541805967188277,0.008805898632581455,0.004,0.01242071441216806,0.12679657240736875,0.06581284394271014,0.0793164293532489
2022-03-16,"VBB,SD3,MAC,DPR,NAF,TTZ",6,0.038411569096483654,-0.001930477542782152,0.008894307155378348,0.004,0.03441156909648366,0.1700785968060754,0.10248913626596456,0.07723283322482666
2022-03-17,"VNP,VBB,DPR,S99,DVN,KMR,VNG,ITD",8,0.005099338320127739,-0.012560302536065084,0.009160162359013957,0.004,0.0010993383201277386,0.17604522343232976,0.10370114482098614,0.06370246293774029
2022-03-18,"SMT,NHH,DVN,CLX,BVS,NAF,VNG",7,-0.0005542145978247236,-0.023707340675510308,0.007970182337132505,0.004,-0.004554214597824724,0.17539344200180151,0.09867465295560662,0.03848490627149603
2022-03-21,"DVN,NHH,PGT,PGB",4,0.002336840239199778,-0.0062672427124355985,0.007184802155475234,0.004,-0.0016631597608002223,0.17814014869396266,0.09684738148259964,0.031976469310691646
2022-03-22,"DVN,ITD",2,-0.04997163005592925,-0.005764148969935777,0.006725297062177615,0.004,-0.053971630055929254,0.11926656502939048,0.03764874038140609,0.02602800320811638
2022-03-23,"MPC,GSP,MAC,TDT,VNG,VNR,ILA,TTZ",8,0.0014172722320959369,-0.016228389340395815,0.006056906458089623,0.004,-0.002582727767904063,0.12085287045232018,0.03496877616629246,0.00937722129790619
2022-03-24,"ILA,VDS,BMS,VNG,THT,BVS,TDT",7,-0.016501115119249312,-0.03202401273427369,0.005746962927842698,0.004,-0.020501115119249312,0.10235754820524545,0.013750762141278683,-0.022947087690623702
2022-03-25,"ACC,DVN,TTN,EVS,ONE,MPC",6,-0.027248997927798058,-0.03021111157196518,0.009590232240468474,0.004,-0.031248997927798058,0.07231940965850803,-0.017927933324177747,-0.052464942236115863
2022-03-28,"NDT,BVS,NDX,TTZ,SD3,BTN,ILA,ONE,GSP,AFX",10,0.008619352710588547,-0.01528199093221458,0.008216663419308245,0.004,0.0046193527105885465,0.08156210886876458,-0.013391396060985605,-0.06694516439681897
2022-03-29,"HPX,MPC,TDT",3,-0.013327088819207225,-0.033380263135416186,0.008887220997374046,0.004,-0.017327088819207227,0.06714803458038143,-0.030486450971230927,-0.09809078032902563
2022-03-30,"BTN,PXI,XMC,ACC,CST,THT,VE9,PCT,BVS,MPC",10,0.0010520039357018618,-0.016349894124386997,0.012358418136414384,0.004,-0.0029479960642981385,0.0682706785127365,-0.0333445730980515,-0.11283690058045459
2022-03-31,"TNT,HPX,TNS,VDS,ILA,BVS,ACC,TTZ,SD3,KSQ",10,-0.031190845299681903,-0.0404001066975452,0.011848219755533584,0.004,-0.0351908452996819,0.034950413041059614,-0.06736199468425585,-0.14867838445512915
2022-04-01,"PXI,HPX,PVO,SBV,MPC,ACC",6,-0.011097634800417422,-0.05176278442831284,0.010571719502800447,0.004,-0.015097634800417422,0.0234649113205887,-0.08144262268950264,-0.19274516171974132
2022-04-04,"ONE,NDT,TTN,CSM,KSQ,TDT,AFX,TNS,TTZ,ACC",10,-0.044758052506204384,-0.06820888330165828,0.007330646086521298,0.004,-0.04875805250620438,-0.02234338491855603,-0.12622969152236918,-0.2478071127786985
2022-04-05,"L62,PV2,SD3,TDT,MPC,NHH",6,-0.05956242102972029,-0.06806225519161917,0.008473351340985888,0.004,-0.06356242102972029,-0.08057497984852824,-0.18176864775309298,-0.2990030570220755
2022-04-06,"HPX,PV2,KSQ,SD6,SD3,CTP,KMR,MPC,TTZ,CSM",10,-0.054971784940292215,-0.06366349091820699,0.010803268699320889,0.004,-0.05897178494029222,-0.13111741432501878,-0.23002121108920204,-0.34363096953504146
2022-04-07,"SCL,KTT,BVS,EVG,ACC,AFX,SD6,PPH",8,-0.05072762147815332,-0.06552441744774856,0.012394670561149429,0.004,-0.05472762147815333,-0.17519376124009833,-0.2721603187949191,-0.38663916788700137
2022-04-08,"ILA,BVS,VNH,EVG,DBD,TDT,SSN,KMR,SD6,UDC",10,-0.10254262718377301,-0.07966507035795962,0.012610165012810048,0.004,-0.10654262718377301,-0.25977155988010503,-0.3497062705991083,-0.4355026017321001
2022-04-12,"VNH,TNS,SCL,BVS,SD6,NHH,ACC,BTS,TNT,SSN",10,-0.10752365819979955,-0.06269135579890608,0.020099889375284084,0.004,-0.11152365819979955,-0.3393636296653274,-0.42222940620628635,-0.47089170897446975
2022-04-13,"TNT,NAF,DVN,TVN,BCA,HPX,CSM,ACC,CLX,GSP",10,-0.08579155153955001,-0.07007206488988413,0.0080335225136273,0.004,-0.08979155153955001,-0.39604064887979573,-0.47410832425695104,-0.5079674194769864
2022-04-14,"NAF,DHM,PV2,HPX,ACC,BTS,CST",7,-0.10124989663568393,-0.10451971990702642,0.011871396073381613,0.004,-0.10524989663568393,-0.45719147075287114,-0.5294583687704736,-0.5593945269783833
2022-04-15,"HHG,PHC,NAF,TVN,S99,PV2,VTD,ITD,NDT,DVN",10,-0.11423090169980243,-0.09421348754100778,0.01647033036488863,0.004,-0.11823090169980244,-0.5191969784991143,-0.5850909301180365,-0.6009055052214052
2022-04-18,"EVG,NAF,ACC,GSP,VTD,GMH,UDC,VNG,TVN,KMR",10,-0.10074792006336272,-0.0985297481285114,0.021517063990904296,0.004,-0.10474792006336273,-0.5676368828755087,-0.6285517922035966,-0.6402281852714157
2022-04-19,"KMR,SD6,HBS,D2D,BVS,VNG,KSQ,S99,NHH,GSP",10,-0.08701157994270346,-0.0832093147499768,0.03154064352431809,0.004,-0.09101157994270347,-0.6052574808054629,-0.6623578804620328,-0.6701645514413368
2022-04-20,"BVS,KMR,SD6,VNH,TNS,VTD,NHH,BTS,GSP,VNR",10,-0.023049695948591974,-0.04653291421086317,0.030003607691690394,0.004,-0.027049695948591974,-0.6143561758508782,-0.671490997134973,-0.6855127560728187
2022-04-21,"PVO,CTP,CIA,NHH,DAG,BTS,D2D,UDC,ACC,BCA",10,0.0038718781401365756,0.005358269554242456,0.02726199897657413,0.004,-0.00012812185986342452,-0.6128630099582766,-0.6715330863194019,-0.683827648648486
2022-04-22,"MPC,D2D,NHH,S99,CSM,VTD,VDS,ITD,UDC,ACC",10,0.038037314308194216,0.023190123153090072,0.017623826159390732,0.004,0.03403731430819422,-0.5981373585877312,-0.6603529547386129,-0.6764955728830424
2022-04-25,"D2D,TNT,NHH,FCM,VNR,ACC,NAB,ITD,TDT,TVN",10,0.07262327011697281,0.05384984819032692,0.034070516009518895,0.004,0.0686232701169728,-0.5689527794305278,-0.637045263807209,-0.6590749085938955
2022-04-26,"D2D,TMT,CLX,PTL,ACC,NHH,TDT,CRE",8,0.053371029457483773,0.01740646229553365,0.014573410865613201,0.004,0.04937102945748377,-0.5459473455239481,-0.6191258148349015,-0.6531406088447338
2022-04-27,"PLP,VDS,FCM,CTI,NHH,DHM,CLX",7,-0.06165845314974843,-0.047052160778850785,0.013013464035747133,0.004,-0.06565845314974843,-0.5739435298474785,-0.6441334246775126,-0.6694610926850257
2022-04-28,"CTI,DST,VDS,HID,NHH,ITD,BTS,BTP,VTD,ACL",10,-0.11506318326043101,-0.0868178062221518,0.013865733892292887,0.004,-0.11906318326043101,-0.6229669435519305,-0.6865040319513959,-0.6981577554891789
2022-04-29,"EVG,BTS,NHH,FCM",4,-0.09948258417354261,-0.07792576575360942,0.010427786919141702,0.004,-0.10348258417354261,-0.6604751663262336,-0.7189454048530517,-0.7216790435294729
2022-05-04,"DST,ILA,PTL,EVG,NAF,FCM,NAB",7,-0.1320077395548499,-0.08537011350483491,0.01509953087425269,0.004,-0.1360077395548499,-0.7052950721422439,-0.7571710050304916,-0.745439335174136
2022-05-05,"NAF,S99,VDS,NHH,PXS,EVG,CTI",7,-0.14583966795451056,-0.1071021252611024,0.014097677712013677,0.004,-0.14983966795451056,-0.748274740965577,-0.7935564210064503,-0.7727033233848652
2022-05-06,"BTN,VDS,DST,TDC,TDT,HAP,CTI,ITD,VNG,S99",10,-0.1188301958518434,-0.10228370249599814,0.023466452159036023,0.004,-0.1228301958518434,-0.7781873027974935,-0.8189139262465835,-0.7959520690340968
2022-05-09,"ILA,NAF,ITD,TVN,MPC,VNG,SD6,BTS,ACC,HCD",10,-0.04781387185851986,-0.060838512929962986,0.03163800786470874,0.004,-0.051813871858519864,-0.7887930266781268,-0.8282966968674055,-0.8083660417204981
2022-05-10,"VNR,LDP,ACC,TDC,PTL,BVS,NAF,VNG,ITD,VIG",10,-0.02562032212284069,-0.033248840899441405,0.0209418000467551,0.004,-0.02962032212284069,-0.7942042173692234,-0.8333826040157487,-0.8147376487102634
2022-05-11,"VDS,ACC,TDC,D2D,DRI,TVN,PTL,FCM,PXS,HAP",10,-0.031968608397594335,-0.04322285053000045,0.019212269003961314,0.004,-0.03596860839759433,-0.8007832221540231,-0.8393755998841332,-0.8227452156288961
2022-05-12,"TDC,VLB,CTI,SSN,DPR,PTL,VDS,VSH,BTS,PLP",10,-0.004209306827979475,-0.004370731413152965,0.026808530587897384,0.004,-0.008209306827979476,-0.8016217866972583,-0.8406942148687445,-0.8235199486830785
2022-05-13,"PGB,VIG,CLX,TVN,HCD,ITD,BTS,HAP,FCM,PTL",10,0.06010324775270158,0.029311660503072035,0.03000439750262853,0.004,0.05610324775270158,-0.7896986117943853,-0.8317566429370871,-0.8183470253333123
2022-05-16,"TDC,CLX,D2D,VBB,VNG,NAF,VTD,GSP,GHC,VSH",10,0.04729349007746915,0.03479044657074892,0.027635568785762298,0.004,0.043293490077469146,-0.7797527251780051,-0.8244728008274838,-0.8120272372237531
2022-05-17,"TDC,CTI,BVS,GSP,NAF",5,0.017078918989836312,-0.018073222307302114,0.01619007260202867,0.004,0.013078918989836312,-0.775991139813588,-0.8221770948089935,-0.815424510753126
2022-05-18,"CTI,TDC,TTN,DAG,BVS,PLP,VDS,TVN,GSP,NHH",10,0.007960457209313977,-0.005128877847469161,0.01760879345722941,0.004,0.0039604572093139764,-0.7742079268675669,-0.8214728348021486,-0.8163711758911102
2022-05-19,"TTN,CTI,CRE,GSP,VDS,NHH,AGG,DHM",8,0.030136531023558663,0.0246943037999319,0.012558240303947033,0.004,0.026136531023558663,-0.7674033370507377,-0.816806754010407,-0.8118365899221409
2022-05-20,"TDC,CLX,CTI,TNT,BVS,AGG,NHA,PLP",8,0.055027815145456516,0.02051218838241467,0.016828175374581977,0.004,0.05102781514545651,-0.7546040508785157,-0.807458802918154,-0.8079769466079464
2022-05-23,"BVS,VDS,CTI,TDC,NHA,TNT,CRE,PTL,PVL,NAF",10,0.06654499719091618,0.04801744380464132,0.020956085082870057,0.004,0.06254499719091618,-0.7382741781335642,-0.7954163142875342,-0.7987564904324979
2022-05-24,"TDC,CTI,CLX,CRE,TNT,HPX,VDS,AGG,HAP,DST",10,0.06094479369714647,0.03958503771763228,0.01585259627416622,0.004,0.05694479369714647,-0.7223233519146982,-0.783766338510836,-0.7907902585158395
2022-05-25,"TDC,BVS,CLX,TNT,AGG,HID",6,0.03410627066041825,0.02887327861246282,0.013707145187611439,0.004,0.03010627066041825,-0.7128528369990232,-0.77725634937215,-0.7847496873615261
2022-05-26,"TDC,CTI,NHA,HPX,PLP,VKC,DST,LDP,DPR",9,-0.005778427216760511,0.0021577748769698677,0.00980391703340517,0.004,-0.009778427216760512,-0.7145120959809236,-0.7794344319478099,-0.7842852256446549
2022-05-27,"LDP,TDC,HPX,CTI,DHM",5,0.010525487361924202,-0.03015604739701184,0.01002536169474615,0.004,0.006525487361924202,-0.7115071966551885,-0.7779951341210097,-0.7907903306043504
2022-05-30,"HPX,CTI,PLP,SBA",4,0.002645831918198227,-0.04771699890320649,0.008904491605301268,0.004,-0.001354168081801773,-0.7107438931879284,-0.7782957660243878,-0.8007731881694428
2022-05-31,"CTI,NHA,TVN,HPX,AGG,PLP",6,-0.05854171428621172,-0.06146999076750279,0.01052398720251324,0.004,-0.06254171428621172,-0.7276774415484626,-0.7921615288817339,-0.8130196584533061
2022-06-01,"AGG,AFX,CRE,NHA,TDC,CLX,NHH,NAG,HPX,HID",10,-0.021168388763696578,-0.03266221937379017,0.010855889222737457,0.004,-0.025168388763696578,-0.7334420713348893,-0.7973924883228908,-0.8191268513874905
2022-06-02,"VLC,PLP,NHA,LDP,CLX,VKC,NHH,S99,NAG,PHC",10,-0.019651328744740727,-0.02284809756803436,0.013364933870709982,0.004,-0.023651328744740727,-0.7386802888206044,-0.8021844251877199,-0.8232594587344266
2022-06-03,"CRE,PXS,BVS,VLC,TDC,AGG,PLP,HCD,CLX,NHH",10,-0.06328657756714133,-0.047794961594155985,0.013082375333124573,0.004,-0.06728657756714133,-0.7552183189919822,-0.8154947582063151,-0.8317067661163451
2022-06-06,"HPX,BVS,CTI,HCD,NHH,PTL,S99,NHA,VLC,PXS",10,-0.0952202772460809,-0.07410713850755463,0.016495272015352214,0.004,-0.0992202772460809,-0.7785264985223274,-0.8338014194504397,-0.8441784961096455
2022-06-07,"CTI,TNT,ACC,VDS,CLX,BVS,PTL,DBD,AGG,ITD",10,-0.09690835091388454,-0.07633116695448035,0.01365556685680791,0.004,-0.10090835091388455,-0.7999891303216524,-0.8505722441379242,-0.8560725333381983
2022-06-08,"CTI,CLX,PTL,EVG",4,-0.1570766500759816,-0.11067867895612053,0.010545681790316563,0.004,-0.1610766500759816,-0.8314061677095109,-0.874641566480559,-0.8720022352138276
2022-06-09,,0,0.0,-0.10074632177072722,0.0,0.0,0.0,-0.8314061677095109,-0.874641566480559,-0.8848975392109092
2022-06-10,"VPH,HPX,VDS,VSH,S99,DHA,NAG,AGG,TVN,ITD",10,-0.0831999412399552,-0.07699478030406667,0.009413374915534645,0.004,-0.0871999412399552,-0.8454331646494985,-0.8855728145173871,-0.8937598278918226
2022-06-13,"BVS,VDS,GSP,ACC,ITD,THT,PTL,TDC,NHH,CST",10,-0.14681290466533398,-0.10410301260831285,0.019892296126860897,0.004,-0.15081290466533398,-0.8681255707122341,-0.9028299107326989,-0.9048197498683096
2022-06-14,"DBD,ITD,ACC,VLC,VDS,BVS,THT,PHC,KMR,EVG",10,-0.12427172901110743,-0.07948257680755093,0.026615107337891363,0.004,-0.12827172901110742,-0.8845138340521778,-0.9152940860911792,-0.9123849214099635
2022-06-15,"THG,NAF,HCD,EVG,VIG,NHH,THT,CTI,NHA,BTS",10,-0.0918215691943885,-0.06443192029960082,0.03128368350637116,0.004,-0.0958215691943885,-0.8951179550297503,-0.9234107396819672,-0.91803012917072
2022-06-16,"VPH,CRE,VIG,CST,PHC,ELC,CTI,PLP,MAC,TNT",10,-0.0600954419976472,-0.06005902003789061,0.023135330395455633,0.004,-0.0640954419976472,-0.9014208878798546,-0.9283197621743244,-0.9229531592853591
2022-06-17,"CRE,DST,HCD,PHC,DHA,S99,TDC,TVN,BVS,NAF",10,-0.012182734291071385,-0.015205547722554882,0.025503825263713864,0.004,-0.016182734291071386,-0.902621851009464,-0.9294797444169781,-0.9241246986987177
2022-06-20,"CLX,DHA,SSN,S99,BVS,HCD,THG,HAP,VIG,NHA",10,0.06176043015976729,0.049228579813221256,0.031568150859105956,0.004,0.057760430159767284,-0.8966077346396466,-0.9254064641195261,-0.9203894653727552
2022-06-21,"THG,S99,HPX,BVS,NHH,CLX,TVN,NAF,CTI,VIG",10,0.12248908691357416,0.09487246578839684,0.021194736001339986,0.004,0.11848908691357415,-0.883943310461731,-0.9165679441633937,-0.9128366176499361
2022-06-22,"HPX,S99,CST,VLC,HAP,AGG,NAG,NHA,MPC",9,0.05110628008418567,0.049239089174726615,0.009647046681690745,0.004,0.04710628008418567,-0.8780120847805448,-0.9126377703731552,-0.9085447720936304
2022-06-23,"HPX,AGG,S99,CTI",4,0.01899127467280534,0.014461493273831838,0.008813023274140797,0.004,0.014991274672805342,-0.8756953787758492,-0.9113280991927905,-0.9072221929304057
2022-06-24,"DPR,NHA,AGG,MPC,TDC,HID,DST,DVG,S99",9,-0.004589481836326385,0.0007352677873515745,0.00930039784508696,0.004,-0.008589481836326386,-0.876265872577129,-0.9120897448741665,-0.9071539763974863
2022-06-27,"HPX,AGG,ACL",3,-0.07066706145003498,-0.03843779467864564,0.01026202908969657,0.004,-0.07466706145003499,-0.8850097997631874,-0.9186537452957354,-0.9107227727894485
2022-06-28,"AGG,VLC,CLX",3,-0.040735262790776626,-0.052741261216571425,0.008510565210491169,0.004,-0.04473526279077662,-0.889693955788198,-0.9222927913769761,-0.9154313663504513
2022-06-29,"DPR,CLX,NHA,DVN,TDC",5,-0.06259033805171892,-0.048301026326521466,0.008994011007188751,0.004,-0.06659033805171892,-0.8965980483845626,-0.9274673406682387,-0.9195161181507561
2022-06-30,"DST,VLC,TDC,VIG,ELC,NHA,CRE,EVG,VDS,DRI",10,-0.0004066047861303379,-0.014604433355834652,0.01366269158795277,0.004,-0.004406604786130338,-0.8966400921129846,-0.9277869634320008,-0.9206915396394423
2022-07-01,"TDC,NHA,HCD,VLC,DVN,HPX,DVG,AGG,BVS",9,0.010873359833961241,-0.016061744606822338,0.009405683349409956,0.004,0.006873359833961241,-0.895516222642124,-0.9272906172469659,-0.9219653718749139
2022-07-04,"NHA,HPX,HCD,VDS,AGG,BTP",6,0.007848507683851555,-0.00878963886571462,0.011755408774870543,0.004,0.0038485076838515545,-0.8946961809126929,-0.9270107946287528,-0.9226512680751537
2022-07-05,"PLP,DPR,CRE,AGG,BVS,VLC,TVN,HPX",8,0.03900148054518686,0.030481932883019827,0.009138085909239008,0.004,0.035001480545186855,-0.8905891760612255,-0.9244560643769424,-0.9202935292200338
2022-07-06,"MPC,S99,PLP,VDS,HPX,TCI,AGG,DVN,GSP,VLC",10,0.07202469144645304,0.06502079669989638,0.013703847115402535,0.004,0.06802469144645304,-0.8827088952261329,-0.9193172114655332,-0.9151109509877834
2022-07-07,"ACL,TMT,PLP,HPX,CRE,TNT,AGG,TCI,VLC",9,0.06830828576699374,0.07009470301791365,0.017267089428382693,0.004,0.06430828576699374,-0.8746969409233132,-0.9141286396439808,-0.909160678307799
2022-07-08,"ACL,CSV,AGG,HPX,CRE,DBD",6,0.0529916521837697,0.05241245042001094,0.011269241228633486,0.004,0.048991652183769704,-0.8680569247991591,-0.9099216598248716,-0.904399566863419
2022-07-11,"ACL,MPC,BVS,AGG,HPX,NAG,TDC",7,0.05529251543793989,0.06576858749956095,0.011081763319498616,0.004,0.05129251543793989,-0.8607614602766873,-0.9053013151708148,-0.8981120614116799
2022-07-12,"HPX,MPC",2,-0.009107947207610212,0.04878598527852359,0.008443893518491064,0.004,-0.013107947207610212,-0.862029637545752,-0.9065426205321859,-0.893141357939651
2022-07-13,"ACL,HPX,GEE",3,0.0013112436286665623,0.038878150731598476,0.015560800832726299,0.004,-0.0026887563713334376,-0.861848724787039,-0.9067939046566781,-0.8889868915466548
2022-07-14,"ACL,VLC,EVG",3,-0.015968942482448584,0.012123290272149992,0.012576100527102193,0.004,-0.019968942482448584,-0.8640548545547917,-0.9086551318136025,-0.8876410474088612
2022-07-15,"ACL,VLC,HPX,BVS,AGG,NHA,NHH",7,-0.010877278622451105,0.006652049343841479,0.010590574582736823,0.004,-0.014877278622451105,-0.8655335677791689,-0.9100140948683426,-0.8868936301120026
2022-07-18,"VLC,NHA,ACL,BVS,CLX,NAF,CSV",7,-0.02924890221353032,-0.012213416352301963,0.012000498718849435,0.004,-0.033248902213530315,-0.8694665633061983,-0.9130060274286611,-0.8882750452995423
2022-07-19,"HPX,AGG,DST,GMH,HAP,BVS",6,0.01826323886292952,0.005083964107229365,0.007971272012273989,0.004,0.01426323886292952,-0.8670825999722603,-0.911765211618241,-0.8877070396399632
2022-07-20,"NHH,BVS,NAF,CLX,HPX,NHA,VLC,DHA,ACL",9,-0.03187351171722139,-0.0166384899858544,0.01337400960062158,0.004,-0.03587351171722139,-0.8713191442794671,-0.9149305033331205,-0.8895754249363956
2022-07-21,"HPX,VTD,NAF,BCA,CLX,EVG,ITD,CTI,VNG,ACL",10,-0.02074710898239973,-0.00983098550629505,0.010314508858400195,0.004,-0.02474710898239973,-0.8739889000170494,-0.9170357274382137,-0.8906610073333847
2022-07-22,"NHA,HPX,EVG,BCA,ELC,ITD,CLX,ACL,CTI,HAP",10,0.0013737247966676303,0.010930812248501077,0.009549197996283754,0.004,-0.00262627520333237,-0.8738157954443475,-0.9172536144500052,-0.8894658433331057
2022-07-25,"ACL,BVS,HPX,ELC,D2D,NHH,TNT",7,0.018552159931684433,0.03946197967757746,0.010268526837756411,0.004,0.014552159931684433,-0.8714748059005786,-0.9160494758137129,-0.8851039466890386
2022-07-26,"DHA,NHA,NHH,HPX,CLX,HID,BCA",7,0.05611913303337003,0.048639534391229,0.013405438220179906,0.004,0.05211913303337003,-0.8642620834347735,-0.9116740472754267,-0.8795154561526036
2022-07-27,"ACL,NHA,GMH,PHC,HAP,D2D",6,0.07521737103191051,0.05112686992712108,0.008006237856153878,0.004,0.0712173710319105,-0.8540522342013883,-0.9053837051284938,-0.8733554585510893
2022-07-28,"DPR,VSH,ACL,D2D,PLP,TNT,ELC,ITD,BVS",9,0.03456508569266086,0.05054544994928947,0.011188706575007392,0.004,0.03056508569266086,-0.849007537169907,-0.902491749967824,-0.8669541532199326
2022-07-29,"DBD,ACL,HPX,DPR,NHA,BTP,ITD,PLP,NHH,HCD",10,0.053973536429976675,0.048476853196094995,0.009220935601378998,0.004,0.04997353642997668,-0.840857939976695,-0.8976189178826178,-0.8605045092372252
2022-08-01,"VSH,HPX,NHH,HCD,ITD,GSP",6,0.040862584414315194,0.047952347901598975,0.008820468835360437,0.004,0.0368625844143152,-0.8343549841151248,-0.8938448866006369,-0.8538153729334643
2022-08-02,"HPX,NHA,BTS,CSV,DRI,PHC,ACL,VNG",8,0.04501336096961596,0.02730383053936545,0.00724012818139777,0.004,0.041013360969615956,-0.826898745222281,-0.8894911086160183,-0.8498239726485792
2022-08-03,"HPX,DSC,PHC",3,-0.008799533799533835,0.021691001595170827,0.013782169278187725,0.004,-0.012799533799533835,-0.8284219555644393,-0.8909055709064366,-0.8465665041997432
2022-08-04,"DHA,NAF,DRI,ILA,PHC,DPR,EVG,CST,BVS,D2D",10,0.03434358202851092,0.02791003894105992,0.008651825432283466,0.004,0.03034358202851092,-0.8225293509210752,-0.8875952551483824,-0.842284169357095
2022-08-05,"HPX,DPR,CST,DRI,NAF,ACL,ACC,HCD",8,0.008468673310983249,0.020896092859943097,0.009210369804200286,0.004,0.004468673310983249,-0.8210264099717375,-0.8870929550650362,-0.8389885247144979
2022-08-08,"DHA,ACC,DRI,NAF,PHC,PPH,VLC,D2D,VTD,ELC",10,0.025846322066512762,0.008015811408167683,0.010216060947814621,0.004,0.021846322066512762,-0.816400600922467,-0.8846263513978088,-0.8376978870940585
2022-08-09,"THT,DHA,ACC,D2D,NAF,ACL,CST,DVN,TTN,BVS",10,0.012252337076949903,0.007958951674124998,0.011530283268263197,0.004,0.008252337076949903,-0.8141510791978437,-0.8836742491597459,-0.8364061324208317
2022-08-10,"DHA,ITD,S99,VSH,NAF,D2D,VLC,NAB,BVS,NHH",10,0.042724423960537106,0.0022867862062324537,0.008307120252161381,0.004,0.0387244239605371,-0.8062107911128841,-0.8791696014666801,-0.8360320282210274
2022-08-11,"D2D,PHC,S99,NHA,VSH,MPC,EVG,HBS,HPX,DHA",10,0.010500115393010202,-0.00712608083040156,0.009760280164182622,0.004,0.0065001153930102015,-0.8041759820576492,-0.8783841899332301,-0.8372004772415214
2022-08-12,"HPX,GMH,VSH,D2D,S99,PHC,ACC,ITD",8,-0.020570340353398137,-0.026028696203900067,0.009614741963471257,0.004,-0.024570340353398137,-0.8082041487560933,-0.8813723317789248,-0.8414379365615418
2022-08-15,"D2D,S99,VBB,NHA,PHC,NAB,DRI,DVG,GMH,ACC",10,0.003190462897431956,-0.012880686675521759,0.008077357910117988,0.004,-0.0008095371025680443,-0.8075922312088182,-0.881468365277741,-0.8434803248193168
2022-08-16,"EVS,ACC,EVG,D2D,ELC,NAF,DVG,DHA,BVS",9,0.001287264917708401,-0.014503104526248208,0.01064646135116365,0.004,-0.002712735082291599,-0.8073445514381588,-0.8817899102016133,-0.8457503460288767
2022-08-17,"DHA,EVS,EVG,NAF,AGG,FCM,HID,DBD,ELC,CLX",10,-0.007743589969096476,-0.00953299427159868,0.009273348943802629,0.004,-0.011743589969096475,-0.808836396237134,-0.8831781210264157,-0.8472208070965794
2022-08-18,"EVS,NAF,HID,VSH,ITD,CLX,ELC",7,-0.01235052435556494,-0.004452126032190362,0.008726913675023302,0.004,-0.01635052435556494,-0.8111973669813048,-0.8850882200038361,-0.8479009993184818
2022-08-19,"VSH,EVS,SSN,DRI,HID,DVN,NAF,CLX,DST,ITD",10,-0.004044036100941983,-0.012476042495260091,0.010737377432588912,0.004,-0.008044036100941983,-0.8119608916451854,-0.8860125745105488,-0.849798592914471
2022-08-22,"DRI,HAP,ELC,HPX,NAB,ITD,EVS,VNG,FCM,DST",10,-0.013644017176737666,-0.013712297028980917,0.010287113774626256,0.004,-0.017644017176737664,-0.8145265004694768,-0.8880237706038168,-0.8518581992225986
2022-08-23,"HPX,AG1,ACL,HID,CLX,HAP,FCM",7,-0.01663443267614728,-0.02553045482030909,0.007623981105092754,0.004,-0.02063443267614728,-0.8176117469106268,-0.8903343365706211,-0.8556403267743453
2022-08-24,"HPX,CTI,HID,TNT,HBS,BTP,GMC",7,-0.019063023784594218,-0.027973948189869223,0.008215812588827769,0.004,-0.023063023784594218,-0.8210886185173001,-0.8928635583746463,-0.8596786367938662
2022-08-25,"HPX,NAB,HID,EVS,CTI,VSH,VLC",7,-0.03454598608654891,-0.04435177475226175,0.008184023600964993,0.004,-0.03854598608654891,-0.8272692886127266,-0.8969932381628994,-0.865902138287715
2022-08-26,"DSC,HPX,GSP,ELC,NHH,NAB,EVG,CTI,CST,TVN",10,-0.04386228446485577,-0.034188067725140305,0.0087051404989261,0.004,-0.04786228446485577,-0.8348456522114122,-0.9019233770997505,-0.8704866850657311
2022-08-29,"HPX,SSN,NAF,ACC,EVS,CTI,PHC,DHA,GEE,PLP",10,-0.014723958752062538,-0.022345809963086924,0.01277875641055064,0.004,-0.018723958752062536,-0.8372773780159751,-0.9037597597414763,-0.8733807649889417
2022-08-30,"CTI,CLX,NHH,CST,NAF,ELC,NHA,ACL,PLP,HCD",10,-0.023558686269554107,-0.03738304274499192,0.011105037682489804,0.004,-0.027558686269554107,-0.8411109092162561,-0.9064120143292674,-0.8781141772636982
2022-08-31,"EVS,DHM,EVG,CST,BTP,HAP,TVN,PHC,DSC",9,-0.011041710498703295,-0.03365901838567806,0.008552405837463231,0.004,-0.015041710498703295,-0.8428653165580924,-0.9078197377158834,-0.8822167344121329
2022-09-05,"DCL,BVS,HAP,PHC,CLX,NHA,DAG,DVG,ITD,HCD",10,-0.0125520517068331,-0.03363238206584324,0.007878938187321683,0.004,-0.0165520517068331,-0.844837679229592,-0.9093455101835596,-0.8861780662013468
2022-09-06,"VSH,HPX,DCL,PLP,DVG,VNG,HAP,NAB,SMT,ELC",10,-0.009173082187703397,-0.028889916196517183,0.009776502381959307,0.004,-0.013173082187703397,-0.8462609959504538,-0.9105397092285958,-0.8894663723301154
2022-09-07,"BVS,NAF,DVG,VTD,HPX,DPR,VLC,ACL,EVG,DST",10,-0.00673462691233454,-0.010287535965612835,0.014464870161092592,0.004,-0.01073462691233454,-0.8472963707846013,-0.9115000320734958,-0.890603491000179
2022-09-08,"EVS,DST,LDP,CST,HPX,BVS,VIG,TNS,CTI,DVG",10,0.002974479492466897,-0.015791153166952846,0.01873183812385293,0.004,-0.001025520507533103,-0.8468421569710749,-0.9115907906055205,-0.8923309880297251
2022-09-09,"HPX,CTI,HT1,DVG,VDS,PLP,FCM,CRE,DPR",9,-0.026326290094586795,-0.044017696542023074,0.008747263252353952,0.004,-0.030326290094586796,-0.8508742347769156,-0.9142719139366505,-0.8970703299256121
2022-09-12,"BVS,HT1,PVL,VDS,ACL,TCI,CRE",7,-0.04733921150057541,-0.07067517253762517,0.0077118455476824655,0.004,-0.05133921150057541,-0.8579337309169963,-0.9186731262785963,-0.9043449021173603
2022-09-13,"GMH,TNT,BVS,ITD,HPX,PBC,FCM",7,-0.042058995618145745,-0.05272985216402809,0.00856638343535186,0.004,-0.04605899561814575,-0.8639088955058447,-0.922418960398968,-0.9093887812874475
2022-09-14,"TNS,NAB",2,-0.06958676578929751,-0.04366555143739876,0.008074239607945066,0.004,-0.07358676578929751,-0.8733790353202863,-0.9281278981897794,-0.9133453701189459
2022-09-15,"GMH,FCM,DVG,VDS,TNT,PBC,ELC,MPC",8,-0.04603094815782943,-0.06612426297331178,0.008121152872764048,0.004,-0.050030948157829436,-0.8792075183811525,-0.9317237275894407,-0.9190753436530557
2022-09-16,"BVS,CST,DPR,DST,VDS,TCI,FCM,NAB,PVL,ITD",10,-0.04641404566159015,-0.04858580992523288,0.011996292642392792,0.004,-0.05041404566159015,-0.8848139861385864,-0.9351658107043498,-0.9230071336245931
2022-09-19,"TNT,ACL,ELC,VDS,VIG,BMS,DVG,CST,ITD,HAP",10,-0.039522734715525,-0.030515165303779557,0.01997593602997729,0.004,-0.043522734715524994,-0.8893664524073699,-0.9379875719255605,-0.9253565836692504
2022-09-20,"ACL,TNT,CTI,PVL,DHM,HPX,CST,DRI,BVS,ITD",10,-0.06052499520310724,-0.0563406989708041,0.00942461101405192,0.004,-0.06452499520310724,-0.8960625473447166,-0.9419889235495967,-0.9295620459188936
2022-09-21,"S99,ACL,CSV,HPX,DRI,DHM,PVL",7,-0.06832882145241144,-0.07050177325674482,0.012320551523062566,0.004,-0.07232882145241144,-0.9031644709894179,-0.9461847963404402,-0.9345280465861888
2022-09-22,"HPX,NHA,DVN,ACL,NAF",5,-0.055400364337092764,-0.07812512069102137,0.008713084833725303,0.004,-0.05940036433709277,-0.9085291945773792,-0.9493814390446929,-0.9396430508485197
2022-09-23,"LMH,DHM,VDS",3,-0.09197101140987592,-0.08677282493874397,0.007801648700450266,0.004,-0.09597101140987592,-0.9169418570665737,-0.9542393535356861,-0.9448803938310778
2022-09-26,"NHA,HPX,VIG,BVS,PHC,MPC,VDS,TCI,NAF,D2D",10,-0.06949013479122593,-0.07579754785999611,0.019732169570955138,0.004,-0.07349013479122593,-0.9227135786145264,-0.9576023096124822,-0.9490583248176908
2022-09-27,"NHA,CSV,DRI,PTL,TCI,BVS,PHC,DVN,DHM",9,-0.08859301402901787,-0.0969415910647095,0.015209677988785166,0.004,-0.09259301402901787,-0.9295606156285823,-0.9615280395533317,-0.9539966918613655
2022-09-28,"NHA,VLC,VNR,S99,DRI,VPH,ACL,HPX,PTL,ELC",10,-0.06667805485370995,-0.07614961753107385,0.025424257730412438,0.004,-0.07067805485370995,-0.9342573767635611,-0.9642471628841109,-0.9574998261812866
2022-09-29,"NHA,PLP,VLC,DRI,CLX,CSV,ELC,PXS,DAG,MPC",10,-0.0965369012147712,-0.06954833259823837,0.018251733369337962,0.004,-0.1005369012147712,-0.9406039658885372,-0.9678416423373789,-0.9604556424055135
2022-09-30,"HPX,PLP,VLC,NHA,CRE,DVN",6,-0.09249999540527926,-0.09241357231835813,0.007744670930661631,0.004,-0.09649999540527926,-0.9460980987709393,-0.9709449237040632,-0.9641100777558546
2022-10-03,"VSH,S99,DRI,DST,PLP,CSV,VLC,ACL,PTL,ITD",10,-0.06286347940902387,-0.054588543642402905,0.03224418892408039,0.004,-0.06686347940902387,-0.9494865598289596,-0.9728876471997042,-0.9660692563426015
2022-10-04,"NHA,DRI,VIG,VDS,CSV,DPR,CTI,S99,CRE,VLC",10,-0.08339653159654453,-0.06666338993386997,0.026636898289129983,0.004,-0.08739653159654454,-0.953699205538234,-0.9752571727978719,-0.9683311947377808
2022-10-05,"DST,NHA,CTI,VDS,PLP,HT1,NHH,ACL,PXS,DHM",10,-0.09659347031578401,-0.0879643916822656,0.009991408978897299,0.004,-0.10059347031578401,-0.9581715599536738,-0.9777461396515578,-0.971116921927976
2022-10-06,"NHA,NHH,BTP,DPR,PLP,VPH,ACL,VIG,CLX,CSV",10,-0.02165760775821889,-0.02797391463798669,0.02190212907058553,0.004,-0.02565760775821889,-0.9590774639013353,-0.9783171204714842,-0.9719248946884452
2022-10-07,"GEE,NHA,DPR,D2D,DRI,ACL,NHH,HAP,PLP,VNG",10,0.03171559304097299,0.01689168242180249,0.027873449605073587,0.004,0.02771559304097299,-0.9577795814002255,-0.9777161666065155,-0.9714506589255638
2022-10-10,"ACL,CRE,HAP,VIG,NHH,VDS,DRI,ELC,VSH,PTL",10,0.0041457486589769445,0.007618460159941328,0.009397766148237351,0.004,0.00014574865897694442,-0.9576045461564341,-0.9777129187676815,-0.9712331569079956
2022-10-11,"TCI,VLC,CSV,DST,EVG,VPH,PLP,CTI,ELC,DPR",10,0.05893579047816562,0.04535585024512374,0.02041364935615748,0.004,0.054935790478165616,-0.9551059365714829,-0.976488560342733,-0.9699284122806897
2022-10-12,"NHA,ACL,TCI,S99,CSV,VIG,DPR,VLC,VPH",9,0.02976566552667375,-0.0008431567874097272,0.009732738646709697,0.004,0.02576566552667375,-0.9537696348953364,-0.9758827724524732,-0.9699537673439834
2022-10-13,"NHA,HPX,CTI,VDS,HT1,DPR,DVN,AGG",8,0.005995226145122573,-0.015652722745567716,0.010842672469730696,0.004,0.001995226145122573,-0.9534924734017624,-0.9758346531295226,-0.9704240726932969
2022-10-14,"NHA,HT1,PTL,CTI,DHM,AGG",6,-0.051410973432054086,-0.092100961391051,0.010751080154346929,0.004,-0.05541097343205409,-0.9558834706160949,-0.977173678522939,-0.9731480440322761
2022-10-17,"NHA,EVS,AGG,EVG",4,-0.04775984602196123,-0.07604632150336015,0.014596590124135,0.004,-0.05175984602196124,-0.9579904692664936,-0.9783551654078394,-0.9751900365087917
2022-10-18,"GEE,EVS,EVG,DHM,NHA",5,-0.125613593619017,-0.09990244536005644,0.011955154916069511,0.004,-0.129613593619017,-0.9632674373881778,-0.9811606302026186,-0.9776686125308571
2022-10-19,"HPX,LMH,VSH,BVS,DHM,NAG",6,-0.04464013617648247,-0.08860598107071413,0.009713829245599123,0.004,-0.04864013617648247,-0.9649071839852807,-0.9820769797150424,-0.9796473070262307
2022-10-20,"VPG,VSH,HPX,NHA,BVS,HT1,ELC,ITD",8,-0.08021815963513096,-0.06959288238508961,0.013688286354767487,0.004,-0.08421815963513096,-0.9677222651023958,-0.9835864234985445,-0.9810637095945741
2022-10-21,"VDS,HPX,TCI,VPH,DPR,CSC,NHH,CTI,ELC,HCD",10,-0.006395658937787363,-0.018062224300325905,0.02089482224691195,0.004,-0.010395658937787364,-0.9679287024860852,-0.983757053441803,-0.981405741119293
2022-10-24,"BVS,S99,LMH,D2D,TCI,ELC,PLP,NHA,DRI,VSH",10,0.007025973749006464,0.017342058656139744,0.02595765478951282,0.004,0.003025973749006464,-0.9677033703916558,-0.9837079027119113,-0.9810832783911163
2022-10-25,"DBD,NHA,DRI,VSH,VDS,HPX,S99,EVS,NAF,CST",10,-0.007077413710105829,0.02108972719543217,0.016332665536249902,0.004,-0.01107741371010583,-0.9679319470008361,-0.9838883770137768,-0.9806843298929531
2022-10-26,"NHA,LMH,ACC,VLC,BVS,TVN",6,0.023035179959607188,0.04083046635989886,0.011875313180061927,0.004,0.019035179959607188,-0.9671932536290462,-0.9835816893707927,-0.9798956620744284
2022-10-27,"DBD,HT1",2,-0.04766995173567096,-0.01940003258839235,0.015257111759638398,0.004,-0.05166995173567096,-0.9687571496451539,-0.9844300226885851,-0.9802856868853526
2022-10-28,"NHA,CSC,VSH,OIL",4,-0.1193330880289403,-0.05433971892330485,0.01654012287904688,0.004,-0.1233330880289403,-0.9724854554568237,-0.9863503160709425,-0.9813569571187685
2022-10-31,"CSC,NHA,HT1",3,-0.13640340258203185,-0.10030304895828486,0.009249791540298999,0.004,-0.14040340258203185,-0.9762385329530079,-0.9882667781387514,-0.9832269111616161
2022-11-01,"TMT,OIL,VTD,CSC,HT1",5,-0.1343473168193618,-0.09087637516696792,0.013350173918522668,0.004,-0.1383473168193618,-0.979430822294463,-0.9898900379009015,-0.984751188675602
2022-11-02,,0,0.0,-0.08460837426717821,0.0,0.0,0.0,-0.979430822294463,-0.9898900379009015,-0.9860413658112662
2022-11-03,"OIL,NAF,VDS",3,-0.09449896413028964,-0.09602201333926708,0.011591216543356264,0.004,-0.09849896413028965,-0.981374588280648,-0.9908858586950591,-0.9873817019695347
2022-11-04,"TCI,VDS,DSC,TDT",4,-0.05275040816884696,-0.08508017216989,0.013247114472626775,0.004,-0.056750408168846966,-0.9823570863511567,-0.9914030899342231,-0.9884552689384577
2022-11-07,"BVS,THG,TDT,TCI,VDS,PHC,CLX,CTI,NHH,S99",10,-0.05259888136616743,-0.05195794320112727,0.020924279172672366,0.004,-0.05659888136616743,-0.9832850838731257,-0.9918896654271516,-0.9890551094192256
2022-11-08,"CSV,BVS,VSH,CRE,PHC,VTD,NHH,TCI",8,-0.10387353051965842,-0.10109862809138277,0.015207951276418857,0.004,-0.10787353051965842,-0.9850213212235641,-0.9927645558512204,-0.9901616228415522
2022-11-09,"VOS,CSV,PGB,DBD,NHH,OIL,NHA,HT1,CRE",9,-0.041216891420872384,-0.04363712962992953,0.011516784776137046,0.004,-0.04521689142087239,-0.9856386958003206,-0.9930917201436775,-0.9905909413809635
2022-11-10,"L14,PGB,CRE,CSC,CTI,GSP,NHH,LMH,ITD,VLC",10,0.0335869815439601,0.015260855722943495,0.020962485980586032,0.004,0.0295869815439601,-0.9851563429412188,-0.992887324995068,-0.9904473510948897
2022-11-11,"VSH,THT,BAB,CRE,ACC,VDS,CTI,S99",8,-0.0031043235802010044,0.0228179049259275,0.012196753089952161,0.004,-0.0071043235802010045,-0.9852024224558428,-0.9929378557398238,-0.9902293796603822
2022-11-14,"VTD,DGW,VSH,GSP,BVS,CRE,ACC,DPR,CLX,CSM",10,0.045557854433314046,0.03618972469148576,0.021456269343052115,0.004,0.04155785443331404,-0.9845282765721204,-0.9926443681766725,-0.9898757836002263
2022-11-15,"DPR,GSP,NAF,DHA,CLX,ITD,LMH,ACL,CTI,CRE",10,0.13472603557764562,0.0714443505880709,0.017612784047877205,0.004,0.13072603557764562,-0.9824438326111284,-0.99168279558924,-0.9891524655343313
2022-11-16,"VLB,THG,CST,MPC,VSH",5,0.08439387308759563,0.062105090203842646,0.008004683958748338,0.004,0.08039387308759563,-0.9809621996486074,-0.9910141433133978,-0.9884787784278517
2022-11-17,"VLC,CTI,EVS",3,0.011692609230127493,0.03445186590641891,0.01072784500120442,0.004,0.007692609230127493,-0.9807395980884974,-0.9909450186293098,-0.9880818508471699
2022-11-18,"VLC,ACC",2,0.0069283730617912265,0.03440052164375737,0.005228141810269982,0.004,0.0029283730617912264,-0.9806061548387345,-0.9909185022657889,-0.9876718602992844
2022-11-21,"ACC,VLB",2,-0.04431216931216936,0.04957762416907909,0.016597356745805758,0.004,-0.04831216931216936,-0.9814655381891344,-0.9913572491219321,-0.9870606604224985
2022-11-22,"C22,SID,VLC",3,0.04876153046361612,0.05698819026420467,0.02163514551698446,0.004,0.044761530463616125,-0.9805617694649172,-0.9909703863652141,-0.9863232708767627
2022-11-23,"OIL,MIG,ACC,VDS",4,0.10092381284215979,0.06060752727327427,0.015055197107854024,0.004,0.09692381284215978,-0.9785999891244117,-0.9900952017832391,-0.9854943581434169
2022-11-24,"CTI,VDS",2,0.11812954507018447,0.056697695953592815,0.006723151728033949,0.004,0.11412954507018447,-0.9760720155751815,-0.9889647716687482,-0.9846719216718206
2022-11-25,VLB,1,-0.07262996941896016,0.05605159040852159,0.021072259372162838,0.004,-0.07662996941896016,-0.9778099043522134,-0.9898104008783033,-0.9838127585036198
2022-11-28,TDC,1,0.17486338797814205,0.037534810963444534,0.0096101812977607,0.004,0.17086338797814205,-0.9739296690476824,-0.9880693714502311,-0.9832051734540336
2022-11-29,"ITD,DBD",2,-0.027069197383703225,-0.006159376632192989,0.007829461866358023,0.004,-0.031069197383703225,-0.9746353719820892,-0.9884400465035554,-0.9833086191162025
2022-11-30,"ITD,CSC",2,-0.11766573533147068,-0.0013225911193116074,0.006971437544899817,0.004,-0.12166573533147068,-0.9776199195892259,-0.989846496746098,-0.9833306949883285
2022-12-01,"CSC,ITD,PHC",3,-0.017105041566514045,-0.02362201932187439,0.00840894370058165,0.004,-0.021105041566514045,-0.9780027317949141,-0.9900607868543173,-0.9837244576333964
2022-12-02,"KTT,VLB",2,-0.09222820034422413,-0.03597502732344951,0.017633986168599014,0.004,-0.09622820034422414,-0.9800315002539584,-0.991017219448164,-0.9843099707147389
2022-12-05,"CSC,ITD,NAF,GSP,ACC,VSH",6,-0.03148621755400799,-0.040746461893742356,0.011585119965262866,0.004,-0.03548621755400799,-0.9806602327811894,-0.9913359843530664,-0.9849492838951225
2022-12-06,"ITD,CST",2,0.0182819134944196,0.005114744703239971,0.00955597985481127,0.004,0.0142819134944196,-0.9803066648298929,-0.9912122456310826,-0.9848723033246451
2022-12-07,"CSC,BVS,VSH,CRE,NAF,VLB",6,0.03207813672158053,0.02252371405966315,0.015536447198766271,0.004,0.02807813672158053,-0.9796749393318023,-0.9909655018624365,-0.9845315714103481
2022-12-08,"ACL,CTI,CSC",3,0.03333010885275023,-0.0047015086647657685,0.0077197438459979395,0.004,0.02933010885275023,-0.9789975028472925,-0.9907005190486318,-0.9846042963613927
2022-12-09,CSC,1,-0.109478324761205,-0.008183021909205765,0.00501142469598137,0.004,-0.11347832476120501,-0.981296821051373,-0.9917558085681417,-0.984730279741575
2022-12-12,"CRE,TCI,VLB,EVS,NAF",5,0.027307155015643892,-0.013387216204738333,0.010248559984465277,0.004,0.023307155015643892,-0.9807860904445375,-0.9915636599204608,-0.9849346987880604
2022-12-13,CRE,1,-0.07352941176470584,-0.05944293396132346,0.018191038393506886,0.004,-0.07752941176470585,-0.9821988779118509,-0.9922177244042745,-0.9858302244931092
2022-12-14,"CSC,NHA",2,-0.13233849480422905,-0.061507541719550356,0.009145430725428949,0.004,-0.13633849480422905,-0.9845546516148228,-0.9932787481451474,-0.9867017725512559
2022-12-15,"CTI,CRE",2,-0.005552672548002069,-0.054379923401936,0.006319142031310787,0.004,-0.009552672548002069,-0.9846404145767955,-0.9933429540632295,-0.9874249291413002
2022-12-16,"EVS,AFX,ELC",3,0.04135045637313147,-0.045869526361556195,0.012125778947594737,0.004,0.037350456373131474,-0.9840052887098439,-0.9930943103593942,-0.9880017416855518
2022-12-19,"CSC,PHC,EVS,VIG,CRE",5,-0.0147785485767153,-0.06304376371768032,0.01117353598701425,0.004,-0.0187785485767153,-0.984241667327616,-0.993223989187766,-0.9887581570477515
2022-12-20,"ELC,CRE,VLC,LMH,CSC,AGG,CST,NHH,BVS,MPC",10,0.012026484825466166,-0.010662035990905363,0.01205819805776509,0.004,0.008026484825466166,-0.9840521499788569,-0.9931696016398044,-0.9888780179819125
2022-12-21,"PHC,DHA,NHA,ELC,VDS,S99,DBD,VLC",8,0.027337348630345606,0.013408924224738106,0.011570219192308023,0.004,0.023337348630345606,-0.9836161780429244,-0.9930101982519883,-0.988728884167803
2022-12-22,"ACL,PHC,AGG,DRI,CSV,S99,MPC,NHA,BVS",9,-0.007578874740818987,0.018805377778488678,0.00995076825379895,0.004,-0.011578874740818987,-0.9837403489773131,-0.9930911322908917,-0.9885169265765935
2022-12-23,"DSC,MIG,TDC,NHA,CSV,VDS,PHC",7,0.022227620230237388,0.014121956654044844,0.011646218168217695,0.004,0.018227620230237388,-0.9833789356293046,-0.9929652000740692,-0.988354763111453
2022-12-26,"CSC,DSC,ACL,DHA,LMH,VDS,TCI,NAF,MPC,VLC",10,0.10573604270103942,0.06219636603341087,0.01645565504535973,0.004,0.10173604270103942,-0.981621490057268,-0.9922495073684114,-0.9876304716953871
2022-12-27,"VLB,GMC,ITD",3,0.0577480510737692,0.032270384696769336,0.01652952221442609,0.004,0.053748051073769204,-0.9805601669264353,-0.9918329334946019,-0.9872313022584797
2022-12-28,"MIG,DGW,DBD",3,-0.042935410455764544,0.025222504232410604,0.007108710722060874,0.004,-0.04693541045576455,-0.9813948241386404,-0.9922162581132523,-0.9869092437256518
2022-12-29,HDG,1,-0.04394481349003576,0.010953715397292148,0.031854363442929134,0.004,-0.047944813490035765,-0.9822124251218172,-0.992589448166267,-0.9867658513070873
2022-12-30,"DSC,MIG,EVS",3,-0.03846628630483225,-0.004991849179521617,0.009388014725691063,0.004,-0.04246628630483225,-0.98289664706975,-0.9929041467821151,-0.9868319141813816
2023-01-03,"EVS,BTP,DCL",3,-0.03313848472423849,-0.014293017783656728,0.006558881836104795,0.004,-0.03713848472423849,-0.9834634262695623,-0.993167676018453,-0.9870201258661638
2023-01-04,"DHM,DCL",2,-0.0023315111168434877,-0.00959444835199649,0.009786924656801421,0.004,-0.006331511116843488,-0.9835019814750493,-0.9932109349536961,-0.9871446605981564
2023-01-05,"DBD,EVS",2,-0.019186094748195437,-0.018136020388549105,0.009360745486323041,0.004,-0.023186094748195437,-0.9838185140216266,-0.9933683468591112,-0.9873778052956499
2023-01-06,"EVS,DSC,GSP,CRE",4,-0.04311705206389613,-0.010125287785976236,0.013640476056375306,0.004,-0.04711705206389613,-0.9845162119950273,-0.9936808108054203,-0.9875056086495221
2023-01-09,"CRE,CST,VDS,PHC",4,-0.01788671788671789,-0.008529189425267474,0.010453887266262951,0.004,-0.02188671788671789,-0.9847931661428899,-0.9938191171165948,-0.9876121756801037
2023-01-10,MPC,1,-0.005379557680812885,0.015016010397084667,0.011006502925601458,0.004,-0.009379557680812885,-0.9848749721827669,-0.993877091064118,-0.9874261599813189
2023-01-11,"CRE,TVN,PHC,MIG",4,0.02264363766024355,0.04471252287831039,0.006957260151018163,0.004,0.01864363766024355,-0.9845324865332723,-0.9937629377684908,-0.9868639518718154
2023-01-12,"CRE,HCD,CLX,S99,MIG",5,0.04293934046328687,0.03845839281478763,0.008294931862599286,0.004,0.03893934046328687,-0.983868321706404,-0.9935200706787674,-0.9863587605728678
2023-01-13,"DHA,CRE,VLC,HCD,TVN,DRI",6,0.08291459532394711,0.06398023660644168,0.010464802670223835,0.004,0.07891459532394711,-0.9825307701287944,-0.9930087096786545,-0.9854859908467147
2023-01-16,"CRE,PHC,DPR,VLB,HCD",5,0.10061509912222677,0.06624745231488269,0.00758414290452909,0.004,0.09661509912222677,-0.980773101833714,-0.9923332454712654,-0.9845244747174347
2023-01-17,"AFX,DHA,CRE,TVN",4,0.0275799489015201,0.0476952426940926,0.014403777006561758,0.004,0.0235799489015201,-0.9802428249647531,-0.9921524637912373,-0.9837863657832642
2023-01-18,"AFX,DBD,MPC,CLX,VLB,PPH",6,0.057220765186464816,0.02013118467682115,0.0076975018488073905,0.004,0.05322076518646482,-0.9791123042913135,-0.9917348119093785,-0.9834599661185646
2023-01-19,,0,0.0,-0.004517691851051638,0.0,0.0,0.0,-0.9791123042913135,-0.9917348119093785,-0.9835346888948469
2023-01-27,"NHA,TVN,GSP",3,-0.03080725204503032,-0.0063461563094960064,0.005817628895711469,0.004,-0.034807252045030324,-0.9797557967976508,-0.9920225003944484,-0.9836391803328047
2023-01-30,"DPR,TCI",2,-0.03602600391925104,-0.03919754668658919,0.012833990465027534,0.004,-0.04002600391925104,-0.9804851145415607,-0.992341807824926,-0.9842804843255404
2023-01-31,,0,0.0,-0.05839737901145542,0.0,0.0,0.0,-0.9804851145415607,-0.992341807824926,-0.9851984628402584
2023-02-01,"BVS,NHA,S99,TCI,MPC,CLX,CSC,DPR,VTD,SWC",10,-0.038309428084213684,-0.015104959105157847,0.012505881821348042,0.004,-0.04230942808421369,-0.9812327186426025,-0.9926658215560124,-0.9854220394537497
2023-02-02,"CRE,AGX,DSC,CSV,NHA,CSC,TVN,BVS,VDS,GSP",10,-0.03264756004134114,-0.019864440523094655,0.010015490981887986,0.004,-0.036647560041341135,-0.9818454245875309,-0.9929346013008924,-0.9857116224839687
2023-02-03,"CRE,PHC,CSV,NHH,NAF,VDS,DBD",7,-0.03541851675360914,-0.027580725063099165,0.00882124398184533,0.004,-0.039418516753609134,-0.9824884327209321,-0.993213108837884,-0.9861057062958362
2023-02-06,"CSV,TDC,MIG,VDS,DCL,TCI,PHC",7,-0.040392494112837816,-0.03366037071580444,0.008933744490371367,0.004,-0.04439249411283781,-0.9831957685991584,-0.9935143958638427,-0.9865733933727526
2023-02-07,"VLB,CSC,TCI,CSV,VDS,NAB,NHH,NHA",8,-0.04637013529424912,-0.019685428434664545,0.010777149950802062,0.004,-0.05037013529424912,-0.9839749830827313,-0.9938410766216459,-0.9868377018766337
2023-02-08,"VLB,NHH,PHC,CRE",4,-0.029644697319753333,-0.012576137756760851,0.007274424036140037,0.004,-0.033644697319753336,-0.9844500398587877,-0.9940482917345262,-0.9870032327510286
2023-02-09,"BTS,CRE,TDC,MIG,DCL,CTI,CSV",7,-0.006006772151036495,-0.01377885296600775,0.012197944684717386,0.004,-0.010006772151036495,-0.9845434449263136,-0.9941078491230483,-0.9871823132959857
2023-02-10,"VIG,TCI,TDC,DCL,NHH,HCD,NAF,BVS",8,-0.011690525562466525,-0.009282533069655782,0.009680296553215978,0.004,-0.015690525562466525,-0.9847241401785102,-0.994200300067001,-0.9873012938966922
2023-02-13,"EVS,NHA,DCL,TCI,CLX,CSC,VLC,BVS,NAF,ELC",10,0.05693663281318402,0.049256470592451626,0.015904914222067724,0.004,0.05293663281318402,-0.9838543841569484,-0.9938932834812212,-0.9866758004529524
2023-02-14,"NHH,CRE,EVS,TDC,ELC,DSC,ACL",7,0.02492092703443335,0.021949857924721542,0.012493042366447675,0.004,0.02092092703443335,-0.9834520204425977,-0.9937655253105118,-0.9863833361659341
2023-02-15,"RIC,CRE,NHH,VLB,ELC",5,0.0031439831758181434,-0.007090146547692366,0.020863949028228967,0.004,-0.0008560168241818567,-0.9833999938732755,-0.993770862125736,-0.9864798803080083
2023-02-16,"DCL,CRE,VLB,EVS",4,-0.03258348295851446,-0.02300310845096199,0.01626460947766012,0.004,-0.03658348295851446,-0.9839408798900168,-0.9939987456850053,-0.9867908850875531
2023-02-17,"DHM,CRE",2,-0.047954866008462604,-0.013670127010232017,0.016533494895884404,0.004,-0.05195486600846261,-0.9847109928431048,-0.9943105400488236,-0.986971455366099
2023-02-20,PBC,1,0.0,-0.058450354286492895,0.011049775917945315,0.004,-0.004,-0.9847109928431048,-0.9943332978886283,-0.9877329784157879
2023-02-21,"DSC,NHH,TVN",3,-0.08334571455102609,-0.05736581111524558,0.005385093984535756,0.004,-0.08734571455102609,-0.9859852660693721,-0.9948282600336938,-0.9884366860589345
2023-02-22,"BVS,NHH,BTS,CRE,MPC,ACL,VLC,CSV,VIG,CLX",10,-0.025596508435492993,-0.01309712408932909,0.012449354088351194,0.004,-0.029596508435492993,-0.9863439943246486,-0.9949813254792328,-0.9885881322165044
2023-02-23,"DSC,BVS,CRE,MPC",4,-0.011604405508934573,-0.01577238770137143,0.014483728100270765,0.004,-0.015604405508934573,-0.9865024641521376,-0.9950596389115722,-0.9887681246195825
2023-02-24,"HDG,CRE,ELC,VLB,NHH,TDC",6,-0.013789665991526682,-0.011618404600197276,0.01476975929162209,0.004,-0.017789665991526683,-0.9866885906631884,-0.9951475262852129,-0.9888986210921713
2023-02-27,"VLB,ELC,DRI,CRE,TCI,ACC,BVS,TVN,CSV",9,0.026378184754049086,0.009772935211710108,0.008498743429897834,0.004,0.022378184754049086,-0.9863374598483652,-0.9950389367319092,-0.9887901280353444
2023-02-28,"BTS,TRC,CRE,DHM,DRI",5,0.004031059218281419,-0.004658060596942649,0.012776020694937263,0.004,3.105921828141893e-05,-0.9862823853399417,-0.9950387826451622,-0.9888423442982397
2023-03-01,"MIG,CRE,VLB,DHM,CSC",5,0.01364777230536649,-0.002216902823099921,0.009092642819452924,0.004,0.00964777230536649,-0.9860951704584885,-0.9949909179497654,-0.9888670797366641
2023-03-02,,0,0.0,0.005083498499638557,0.0,0.0,0.0,-0.9860951704584885,-0.9949909179497654,-0.9888104855532088
2023-03-03,"CRE,VLB,MIG,ACC",4,0.029942374859368875,-0.007923526387283901,0.011346530511372355,0.004,0.025942374859368875,-0.985678826840001,-0.9948609704655168,-0.9888991459661889
2023-03-06,VLB,1,-0.033117932148626794,-0.003036974467500453,0.012061370208690914,0.004,-0.0371179321486268,-0.9861531144810025,-0.9950517206150876,-0.988932858976457
2023-03-07,"VLB,DCL,MIG,TVN",4,-0.011158551715211101,-0.014831734607226596,0.012589648089734007,0.004,-0.015158551715211101,-0.9863076256691609,-0.9951267293640451,-0.989097003874979
2023-03-08,"VLB,DCL,HCD,TCI",4,-0.019998305027628394,-0.014646075400883762,0.0075263248271363326,0.004,-0.023998305027628394,-0.9865814499475815,-0.9952436795992489,-0.9892566899783216
2023-03-09,"HCD,PHC,AFX,SAM,TCI,DRI,TVN",7,-0.023141179065033417,-0.025578522853087968,0.00920504865576212,0.004,-0.027141179065033418,-0.9868919710171375,-0.9953727717429364,-0.9895314879792289
2023-03-10,"HCD,VIG,SAM,DRI,VOS,TCI,DHM",7,-0.014831712536292119,-0.02477982016623481,0.010542624339391,0.004,-0.01883171253629212,-0.9870863855349288,-0.9954599103753132,-0.9897908958245116
2023-03-13,"VIG,VDS,TDC,DRI,GSP,CST,TCI,SAM",8,-0.012095167504147408,-0.02280761543532629,0.010004786803427146,0.004,-0.01609516750414741,-0.9872425778649678,-0.9955329838783064,-0.9900237411464854
2023-03-14,"TVN,GSP,DRI,VDS,VTD,ELC,TDC,CSV,CRE,TCI",10,0.01373876122323785,6.617860778792755e-05,0.014911064012337261,0.004,0.00973876122323785,-0.9870673066884306,-0.9954894806749168,-0.9900230809315635
2023-03-15,"HCD,DTI,TVN,DRI,NAB,TDC,GSP",7,-0.023031103436439628,-0.02789094063937514,0.008315861163793807,0.004,-0.027031103436439628,-0.9873651608858011,-0.9956114049893452,-0.9903013465890651
2023-03-16,"ACC,HCD,SAM,TCI,CSV,BVS,VTD,MIG",8,0.007830344447269266,-0.005438223767208091,0.010999674658174141,0.004,0.003830344447269266,-0.9872662257435011,-0.9955945951588149,-0.9903540900365544
2023-03-17,"VIG,AFX,NAB,SAM,VDS,CRE,VOS,ELC,MIG",9,0.0014131912587303447,-0.004934308274961121,0.010652688062724062,0.004,-0.0025868087412696554,-0.9872482304850311,-0.9956059910985668,-0.9904016859299065
2023-03-20,"VIG,DHM,VTD,CLX,TDC,SAM,DRI,VDS,CTI,ELC",10,0.021023571087001213,0.022488692739598894,0.011256207040549814,0.004,0.017023571087001213,-0.9869801427521481,-0.9955311893756764,-0.9901858323939661
2023-03-21,"VIG,SAM,CRE,VOS,CSV,DRI,TCI,AFX",8,0.010328912746686986,0.005651465295185284,0.007886355691959723,0.004,0.006328912746686986,-0.9868456617826608,-0.9955029066631536,-0.9901303679663395
2023-03-22,"CRE,VOS,OIL,SAM,MIG,TCI",6,0.048448613809765916,0.033579535640092244,0.011711757936885761,0.004,0.04444861380976592,-0.9862083523304458,-0.9953030170981576,-0.9897989503057105
2023-03-23,"DHM,SAM,DTI,CRE",4,0.03180845614079053,0.042348241619572576,0.01160996845746659,0.004,0.02780845614079053,-0.9857696613104395,-0.9951724012551377,-0.9893669537884835
2023-03-24,"VIG,SAM,CRE,VDS,ELC,TDC,VTD,GSP",8,0.06211530021859005,0.037749243273409575,0.008531828542200498,0.004,0.058115300218590044,-0.9848857395505253,-0.9948918439047452,-0.9889655643403076
2023-03-27,"OIL,SAM,CRE,GSP,DCL,CSV,ELC,DRI",8,0.04097124113892861,0.04778044566834545,0.007497919899922628,0.004,0.03697124113892861,-0.9842664895410133,-0.9947029890339721,-0.9884383340867887
2023-03-28,"NAF,ELC,CRE,HCD,S99,VIG,OIL",7,0.06914204568570906,0.05572057960193043,0.010518639447548843,0.004,0.06514204568570905,-0.9831786424420614,-0.9943579309036255,-0.9877941113609408
2023-03-29,"HCD,CRE,VIG,DHM",4,0.07529490024706459,0.07175129071098439,0.01045082011610049,0.004,0.07129490024706459,-0.9819120800027162,-0.9939556801502124,-0.9869183230968137
2023-03-30,"HCD,CRE,SAM,BTS,CSV,EVS,DRI",7,0.05450547473215469,0.03820784543995344,0.010748456718798791,0.004,0.05050547473215469,-0.9809261893363471,-0.9936504089067659,-0.9864185004076014
2023-03-31,"HCD,CRE,CSM,OIL,CST",5,0.045625626209731165,0.04024821240977802,0.010895236152728449,0.004,0.04162562620973116,-0.980055934780612,-0.9933861032013344,-0.9858718693271632
2023-04-03,"HCD,NAB",2,0.04604323939475119,0.025439166206986098,0.011326573563127385,0.004,0.042043239394751186,-0.9791376454112113,-0.9931080335548959,-0.9855124614627828
2023-04-04,"NAB,HCD",2,0.05061511810561237,0.020512895115320385,0.013810731006707821,0.004,0.04661511810561236,-0.9780816948697386,-0.9927867637250773,-0.9852152801042898
2023-04-05,AFX,1,-0.030927835051546282,-0.007410653636727269,0.004137157164898264,0.004,-0.034927835051546285,-0.9787595805954168,-0.9930387064518758,-0.9853248445425529
2023-04-06,"EVS,NAB,GSP,BVS,PHC,SGH,TCI",7,0.007840970556747056,-0.0015351165200619735,0.0072061089305059944,0.004,0.0038409705567470556,-0.9785930350922525,-0.9930119683283205,-0.9853473726161301
2023-04-07,"EVS,DRI,DHM",3,-0.013459060191733449,-0.009849113176043136,0.005855046784335387,0.004,-0.017459060191733447,-0.9788811527214681,-0.9931339727938981,-0.9854916880015603
2023-04-10,"LDP,DTI,DRI,TVN,HCD,TCI,CLX,VTD,VLC,GSP",10,-0.015328031581173218,-0.012292283681998493,0.013029146979553463,0.004,-0.019328031581173216,-0.9792048630795115,-0.9932666795845748,-0.985670028288392
2023-04-11,"LDP,HCD,TVN,CSV",4,0.0238285892073265,-0.013113573565202203,0.014735955899565834,0.004,0.0198285892073265,-0.978709344304323,-0.9931331673400561,-0.9858579454266194
2023-04-12,"DRI,ELC,NAB,TCI,CSV,VTD,NHH",7,-0.008401039269788524,-0.017617707659637473,0.008728041395814243,0.004,-0.012401039269788524,-0.978888207938902,-0.9932183232015311,-0.9861070960098
2023-04-13,"BMS,DTI,TCI,EVS,VTD,NAG,HCD,NAB,VLC,BVS",10,-0.006986150251667567,-0.006349532816576717,0.01191932918561196,0.004,-0.010986150251667567,-0.9790356980903228,-0.9932928277217973,-0.9861953094596032
2023-04-14,"NAB,BMS,CRE,TCI,ELC,BVS,VTD,DRI,GSP,DTI",10,0.004561351842329919,-0.00608693126106497,0.01034438179137891,0.004,0.0005613518423299192,-0.9789400725331839,-0.9932890626382821,-0.9862793376620029
2023-04-17,"ELC,EVS,HCD,TCI,MAC,GSP,NHA,CRE,NAG",9,0.006017667572681185,-0.015973959974793207,0.011120982769182398,0.004,0.0020176675726811845,-0.9788133408905838,-0.9932755221975851,-0.9864985109730177
2023-04-18,"HCD,BMS,S99,NAG",4,-0.005403802538968883,0.001861272670758013,0.008718419886505069,0.004,-0.009403802538968883,-0.9789278294128716,-0.9933387578590167,-0.9864733810204772
2023-04-19,"NAB,HCD,GSP,CRE,ELC,DRI,MPC,DBD,NAG,S99",10,0.017366583473011545,0.004100882352918886,0.008615614982194274,0.004,0.013366583473011544,-0.9785618778034126,-0.9932497198099053,-0.9864179099474095
2023-04-20,"AFX,HCD,GSP,EVS,NAG",5,0.012605264255369009,0.020504119603963752,0.013491145239662883,0.004,0.008605264255369009,-0.9782916446079858,-0.9931916318650718,-0.9861394211484994
2023-04-21,"HCD,TCI,GSP,THT,DRI,NAG,EVS,VLB",8,0.004372153454631447,0.003374815022507901,0.007749365217971316,0.004,0.00037215345463144714,-0.9781967323469642,-0.9931890981073499,-0.9860926442587706
2023-04-24,"DHM,HCD,VLB,EVS,TCI",5,0.015495689119374868,0.011447465960074786,0.015204601480365376,0.004,0.011495689119374868,-0.9778588756896263,-0.9931108020965694,-0.9859334402773283
2023-04-25,"BMS,TDC,GSP,EVS,VLB,HCD,ELC,CRE,NAG,TCI",10,0.04052884525000668,0.016513196977605067,0.012920603078330739,0.004,0.036528845250006686,-0.9769615214887899,-0.9928591476524584,-0.9857011564058306
2023-04-26,"HCD,TDC",2,0.005857834854117394,-0.0003524609239422941,0.01066141614491023,0.004,0.001857834854117394,-0.9768265658863812,-0.992845881128079,-0.9857061961894551
2023-04-27,"DHM,HCD,CRE,NAG",4,-0.01227045455312989,0.011529348838885378,0.008766548313594857,0.004,-0.01627045455312989,-0.9771109144565122,-0.9929622818940522,-0.9855413979390887
2023-04-28,"BMS,HCD,GSP,PGB,TCI,DHM,ELC,CSV,CRE,AFX",10,0.01965279880562233,0.017491960568634203,0.010997979493659105,0.004,0.01565279880562233,-0.9766610798634814,-0.9928521219084891,-0.9852884886419616
2023-05-04,"NAB,DHM,HCD,PGB,DRI,AFX,CRE,TCI,NAF",9,0.01812937680351244,0.03660705024777178,0.010353131196396519,0.004,0.01412937680351244,-0.9762379597861394,-0.9927511268455886,-0.9847499436064573
2023-05-05,"HCD,DHM,DTI,BMS,CRE,DRI,NAB,NAG",8,0.03133636444521479,0.02773798468039532,0.012567512757772958,0.004,0.027336364445214787,-0.975493343834036,-0.9925529690072226,-0.984326937775838
2023-05-08,"DHM,NAB,GSP,MPC,DRI,NAF",6,0.014292395320125698,0.015235175143823968,0.009649548420082513,0.004,0.010292395320125698,-0.9751430850161377,-0.9924763212202836,-0.9840881559278128
2023-05-09,"DHM,HCD,NAB,GSP,MPC,CSV,NAG,CST",8,0.01939451613223951,0.012514149936766632,0.011074972949204065,0.004,0.015394516132239511,-0.9746609971774854,-0.9923604978259355,-0.983889032725323
2023-05-10,"GSP,CST",2,0.007706535141800197,-0.01147692042805716,0.007490966302625135,0.004,0.003706535141800197,-0.9744657212617756,-0.9923321817426615,-0.9840739370147535
2023-05-11,"NAB,SRF,AFX,DRI,MPC,CST,BMS,CSV,GSP",9,0.018401768670884253,0.015933828007024406,0.008592650908586939,0.004,0.014401768670884253,-0.9739958453712568,-0.9922217515979089,-0.9838201738663176
2023-05-12,"DHM,PHC,HCD,AFX,PGB,MPC",6,0.001724108485074501,-0.001657259911700797,0.007469460470194034,0.004,-0.0022758915149254993,-0.9739510113876142,-0.9922394540474482,-0.9838469880435472
2023-05-15,"DHM,NAF,PGB,GSP,DTI,S99,BMS,DCL,VTD,MPC",10,0.003604666921248767,0.022397449883451825,0.009252901071885523,0.004,-0.0003953330787512333,-0.9738571134600312,-0.9922425220479725,-0.9834852017677858
2023-05-16,"HCD,PHC,ELC,EVS,TCI,DRI,S99,MIG,BMS",9,0.03859044956460779,0.023770581914737406,0.009236873822113086,0.004,0.034590449564607786,-0.9728482477155372,-0.9919741873981243,-0.9830926354036016
2023-05-17,"BMS,BTS,NAB,TCI,AFX,VLC",6,0.022185329911925584,0.012787715261033969,0.007461955288303512,0.004,0.018185329911925584,-0.9722458771334196,-0.9918282353481479,-0.9828764288393284
2023-05-18,"DTI,VLC",2,-0.01965445406267019,0.005510679835187879,0.006550134242823136,0.004,-0.02365445406267019,-0.9727913692663505,-0.992021533979716,-0.9827820663210268
2023-05-19,"DTI,NAG,NAB,NHH,GSP",5,0.04147455185640887,0.02189931645213764,0.006490320834174268,0.004,0.03747455185640887,-0.9716629035000458,-0.9917225445411043,-0.9824050053427391
2023-05-22,"DTI,HCD",2,-0.00022814106264262835,0.015075604450932863,0.015056279515529347,0.004,-0.004228141062642628,-0.9716693683553536,-0.9917575427904243,-0.98213975016297
2023-05-23,"HCD,S99,DRI,GEE,EVS,NAF",6,0.08886605992623335,0.04087611155869336,0.009310501654665368,0.004,0.08486605992623335,-0.9691517367458724,-0.991058037922937,-0.9814096925981654
2023-05-24,"DRI,DSC,S99,BMS,GSP,CSV",6,0.07965122020591708,0.04927047338084716,0.010140009350871967,0.004,0.07565122020591708,-0.9666946349364477,-0.9903815675807721,-0.9804937393521815
2023-05-25,"DRI,S99,TVN,BMS,CRE,TCI,CSV,MPC,GEE,THT",10,0.05447240504612627,0.03910386937378006,0.007818895362298517,0.004,0.05047240504612627,-0.9648804116004968,-0.9898961021638001,-0.9797309690838383
2023-05-26,"DTI,DSC,NAB,DRI,TCI,TVN,CRE",7,0.06928362708668981,0.04334584808837861,0.012274565104866035,0.004,0.0652836270866898,-0.9624471991343876,-0.9892364830653396,-0.9788523907488478
2023-05-29,"DTI,PHC,NAB,VTD,TDT,MPC",6,0.032366725432566336,0.03912359645639021,0.008617567131373294,0.004,0.028366725432566336,-0.9612317379395465,-0.9889311573357653,-0.9780250202184883
2023-05-30,"DTI,PGB,NAB,CST,VTD,PHC",6,0.06168587829401806,0.0333944206898594,0.012152350719882965,0.004,0.057685878294018056,-0.9588402836444148,-0.9882926414249806,-0.9772911784990133
2023-05-31,"DTI,PGB,PHC,BTS",4,0.06446866364629528,0.011537762184902767,0.011426629881041095,0.004,0.06046866364629527,-0.9561867717349096,-0.9875847130971213,-0.9770291695170354
2023-06-01,"ELC,VPH,CST",3,0.022577265088897642,0.009337051661259296,0.005203350873145052,0.004,0.018577265088897642,-0.9551975888659683,-0.9873540710211717,-0.976814689686114
2023-06-02,"ELC,VPH,PVO,PHC",4,0.06453073687877225,0.018169502391866717,0.006774264189670476,0.004,0.06053073687877225,-0.9523064562615435,-0.9865886036215666,-0.9763934241349097
2023-06-05,"NDX,DTI,BMS,PHC",4,0.05482261640798225,0.02276363681901817,0.009392052267614526,0.004,0.050822616407982246,-0.9496917714080327,-0.9859070013679301,-0.9758560526153761
2023-06-06,"PHC,GSP,VPH",3,0.0543442477092857,0.003266199894165205,0.007024227773124281,0.004,0.050344247709285694,-0.9469578085716155,-0.9851974999538305,-0.9757771936569838
2023-06-07,"NDX,DTI,GSP,THT,NHH",5,0.022545342326897512,0.0017311827895886772,0.008637759316995685,0.004,0.018545342326897512,-0.9457619542080937,-0.9849229825231804,-0.9757352595515272
2023-06-08,"THT,BMS,GSP,DTI,DHM,NAB,NHH",7,0.028102066325874673,0.005292653789063604,0.010051539599644934,0.004,0.024102066325874673,-0.9442377530478638,-0.9845595952479578,-0.9756068346810519
2023-06-09,"ELC,NAB,DHM,VTD,CST,VPH,NAF",7,0.0023652213046963916,-0.005192972550941713,0.00917819277428952,0.004,-0.0016347786953036085,-0.9441058629933748,-0.9845848368926933,-0.9757335077189838
2023-06-12,"NAB,GSP",2,0.035539637588613116,-0.028644851631422198,0.009034836870584373,0.004,0.03153963758861311,-0.9421194056208311,-0.9840986482349194,-0.9764286177899886
2023-06-13,"ELC,NAB,GSP,BTS",4,0.0048029966106520605,-0.018103772567508038,0.009343764551174416,0.004,0.0008029966106520604,-0.9418414053222055,-0.9840858795033472,-0.9768553487326205
2023-06-14,"GSP,BTS,VPH,ELC,MAC,CLX,VLC,BMS,TCI,MIG",10,0.02929340206583283,0.0163961711805706,0.006327743262580054,0.004,0.02529340206583283,-0.940137742224725,-0.9836833572551014,-0.9764758650685259
2023-06-15,"VPH,BCA,DTI,DRI,S99",5,0.003519973792184117,0.027646575248539293,0.013224599156733552,0.004,-0.00048002620781588314,-0.939927028646215,-0.9836911896712425,-0.975825503301986
2023-06-16,"PGB,S99,DTI,VPH,NAG,ELC,TDT,DRI",8,0.014481442800647976,0.024041220890358702,0.01061888080000889,0.004,0.010481442800647976,-0.9390570853476903,-0.983520249808635,-0.9752443188869558
2023-06-19,"VPH,PLP,S99,ELC,GSP,CSV,CST,DRI,CSC",9,0.051495945148089195,0.03252903146315653,0.00971461603051724,0.004,0.04749594514808919,-0.9359187723575902,-0.9827375284974917,-0.9744390405571378
2023-06-20,"PLP,DTI,BMS,VPH,AFX,CST,NAB",7,0.038427434051014245,0.020928476304145138,0.00855124030933041,0.004,0.03442743405101424,-0.9334562952084535,-0.9821432258982816,-0.9739040886231266
2023-06-21,"DTI,PLP,MAC,DHM,GSP,NAB,VPH,CST",8,0.030796618338090567,0.010368875038418011,0.008692943467738662,0.004,0.026796618338090567,-0.9314069741291857,-0.9816647247379283,-0.9736335033790462
2023-06-22,"DTI,PLP,DHM,GSP,ELC",5,-0.015526479143753246,-0.014289841801511763,0.00822512874620469,0.004,-0.019526479143753245,-0.9324719823147758,-0.9820227481079281,-0.9740102764446197
2023-06-23,"VTD,THT,THW,PHC,GSP,S99,DHM,CST,PLP,DTI",10,-0.02490022238771067,-0.016325664561211286,0.006515164610452917,0.004,-0.02890022238771067,-0.9341534449725392,-0.9825422946855289,-0.9744345759534235
2023-06-26,"ZZZZZZ,DTI,S99,AFX,BTS,PBC,DRI,TTN,CSC,NAF",10,-0.003820111335827803,-0.006470309891304735,0.011026286540889708,0.004,-0.007820111335827802,-0.9344049861438248,-0.9826788158847561,-0.9745999921695074
2023-06-27,"DTI,S99,PHC,PLP,TVN,HBS,TCI",7,0.01491840641241417,0.020440887397564757,0.011280582826224794,0.004,0.010918406412414169,-0.9334264130684904,-0.9824896961570416,-0.9740807934695471
2023-06-28,"PHC,PLP,S99,BMS,NHH",5,-0.009274410273690714,-0.0063153998055287194,0.012854959999745263,0.004,-0.013274410273690715,-0.9340438438270845,-0.9827221351142701,-0.974244483621429
2023-06-29,"PHC,S99,TVN,BMS,DPR,CSC,HBS,DRI,NHH,DWS",10,0.019298757589894376,0.027074521993323164,0.012430219058446434,0.004,0.015298757589894376,-0.9327709719575421,-0.9824578052477123,-0.973547165326788
2023-06-30,"HBS,PHC,PLP,S99,TVN,NHH,EVS,TCI,VIG,GSP",10,0.06782550224330039,0.035580324887883416,0.011423094105477639,0.004,0.06382550224330039,-0.9282111293652335,-0.9813381658571978,-0.9726059648749096
2023-07-03,"PLP,TMT,BMS,TVN,DST,ELC,PHC,VTD,S99,TCI",10,0.05073946818316324,0.022857262095404052,0.012188569351452249,0.004,0.04673946818316324,-0.9245686002477556,-0.9804659216540408,-0.9719798122342047
2023-07-04,"DTI,TVN,PLP,DST,S99,ELC",6,0.0416653030088294,0.014879555420583283,0.010646895642101306,0.004,0.03766530300882941,-0.9214257281206981,-0.9797301646741421,-0.9715628842974484
2023-07-05,"DST,HBS,PLP,DRI,S99,NAG",6,-0.0011762314988361482,0.006693854278241527,0.008436158072065991,0.004,-0.0051762314988361485,-0.9215181496542807,-0.979835086034232,-0.9713725303888421
2023-07-06,"PLP,DST,DTI,GSP,CST,PHC,S99,NAG,MPC,DHM",10,-0.005025345392793446,0.0128793448825579,0.01074626181922107,0.004,-0.009025345392793446,-0.9219125480593335,-0.980017081347589,-0.971003827334605
2023-07-07,"PLP,DTI,NAG,VPH,PXS,CST",6,-0.029126149368891425,0.01985224168171755,0.007061314776125038,0.004,-0.033126149368891425,-0.9241869348483934,-0.9806790384956952,-0.9704281883070067
2023-07-10,"PLP,DTI,XMC,PTI,VPH,S99,DST,DSC,NAF,CST",10,-0.00795911115093353,0.010116282123733862,0.008930615769008176,0.004,-0.01195911115093353,-0.924790339460628,-0.9809101000218681,-0.9701290315170105
2023-07-11,"DTI,PLP,DHM,HBS,NAF,CST,DST,NHH",8,0.017445503705343854,0.02099547127617207,0.010219433325965588,0.004,0.013445503705343854,-0.9234782690490108,-0.9806534267009774,-0.9695018764562344
2023-07-12,"PLP,PHC,NHH,VTD,S99,NAF",6,0.03104901504328413,0.04069635460805326,0.008175705905571559,0.004,0.02704901504328413,-0.9211023446735754,-0.9801301209487762,-0.9682607140056172
2023-07-13,"NAG,DTI,PLP,XMC,DST,S99,DRI,BTS",8,-0.0011213304447254546,0.02777868569113329,0.013850503211267767,0.004,-0.005121330444725455,-0.9211908150165103,-0.9802318811652942,-0.9673790383559182
2023-07-14,"NAG,DTI,DST,XMC,GSP",5,0.03191599432518113,0.016941721926688347,0.019156523940999603,0.004,0.027915994325181128,-0.9186755415158052,-0.9796800344720851,-0.966826383094763
2023-07-17,"NAG,DTI,PLP,GSP,CST",5,-0.005396322090132655,0.021451830925766507,0.014597087779943774,0.004,-0.009396322090132655,-0.9191143944875915,-0.9798709674130458,-0.9661147482737157
2023-07-18,"NAG,DST,PLP,BTS,NAF,GSP",6,0.010304447303974618,0.028944962129550562,0.00982675302078088,0.004,0.0063044473039746175,-0.9182809130279388,-0.9797440649878213,-0.9651339409457481
2023-07-19,"BTS,NAG,DRI,HAP,PLP,DTI,NHH,HBS",8,0.006835348051979551,-0.006226577601437927,0.010259692102107837,0.004,0.0028353480519795506,-0.9177223346259948,-0.9796866323619435,-0.9653510371681058
2023-07-20,"DTI,HAP,DST,NAG,TDT,ITD,PLP,VPH",8,0.015447176032092905,0.009459755775333716,0.009830263705526199,0.004,0.011447176032092905,-0.9164513770454529,-0.979454101666786,-0.9650232664418474
2023-07-21,"HAP,NAG,PHC",3,0.018303435694740022,-0.0034162642756997226,0.012977760809790961,0.004,0.014303435694740022,-0.9149221501978203,-0.9791602247311862,-0.9651427562071828
2023-07-24,"DTI,NAG,DST",3,0.011089743589743609,0.004780606624825051,0.014331003335806022,0.004,0.007089743589743609,-0.9139786586583474,-0.9790124760680625,-0.9649761174365837
2023-07-25,"DTI,THG,HBS,CST,PXS",5,-0.0014090886476080477,0.0027435531999224715,0.011445315007325041,0.004,-0.005409088647608048,-0.9140998703538838,-0.9791259994455042,-0.9648800275515031
2023-07-26,"DST,HBS,DRI,PXS,PLP,CST,DSC,GSP,TCI,VLC",10,-0.023924231061862044,-0.013528900351017215,0.007853451746909924,0.004,-0.027924231061862044,-0.9161549649037815,-0.9797088898601733,-0.9653551621590893
2023-07-27,"NAG,CST,DHM,HBS,HAP",5,-0.007790760387750351,-0.0007527722694978318,0.008169815471686404,0.004,-0.01179076038775035,-0.9168081814819187,-0.9799481374778335,-0.9653812418322972
2023-07-28,"NAG,HAP,DHM,DRI,NAB,DTI,VTD,CST,PLP",9,-0.010365391828259598,0.0010555386798871736,0.006596286876802138,0.004,-0.014365391828259598,-0.9176704972777641,-0.9802361903398508,-0.9653447003940016
2023-07-31,"DTI,NDT,NAG,PXS,TDT,HAP,NAB,ACL",8,-0.009454585960894019,-0.0014020025543120902,0.009080619341947899,0.004,-0.013454585960894019,-0.918448888638369,-0.980502104215838,-0.9653932872125696
2023-08-01,"DTI,PBC,HBS,VTD,TTN,CLX,VLC",7,0.010638335263631529,0.01252793265796029,0.0076979846567036036,0.004,0.0066383352636315285,-0.9175813205745823,-0.9803726706466874,-0.9649597366452553
2023-08-02,"DTI,PLP,PXS,CLX,DRI,CST",6,-0.025813660101373554,-0.001698467989964957,0.01111478714693707,0.004,-0.029813660101373554,-0.9197088483512741,-0.9809578331727248,-0.9650192514109233
2023-08-03,"PXS,HBS,HAP,PLP,CLX,NHH,DVN,NAG,TCI",9,0.0037701963483087247,0.015402797789867079,0.011216301290745257,0.004,-0.00022980365169127537,-0.9194061349445266,-0.9809622091321978,-0.9644804500138675
2023-08-04,"PLP,HBS,DTI,HAP,BTS",5,0.015553363723806113,-0.008989437868825249,0.009784568692335105,0.004,0.011553363723806113,-0.9181526292474114,-0.9807422586098044,-0.9647997508015965
2023-08-07,"DTI,HAP,NAG,DRI,XMC,TDT,CLX",7,-0.010359132841190928,-0.018192789174649192,0.009259407085193969,0.004,-0.014359132841190928,-0.9190004970337396,-0.9810187830766475,-0.9654401415141581
2023-08-08,"DTI,BTS,CSC,DCL,NAG,TDT,TTN",7,0.010128361957797856,0.0023231242073361125,0.008719432608658659,0.004,0.0061283619577978555,-0.9181801047492957,-0.9809024593089417,-0.9653598546703076
2023-08-09,"CLX,TDT",2,-0.03567927170868346,-0.02547355378355322,0.008142914090837783,0.004,-0.03967927170868346,-0.9210993790231216,-0.9816602358149898,-0.9662422622754336
2023-08-10,"HBS,DCL,CTP,CST,CSM",5,-0.00588009926767068,-0.038874057650414476,0.005935066913907727,0.004,-0.00988009926767068,-0.9215633225067464,-0.9818414345056834,-0.967554562517886
2023-08-11,"DTI,HAP,PLP,CLX,HBS,ACL",6,-0.06286207444188802,-0.07617170879177472,0.008914635104848134,0.004,-0.06686207444188802,-0.9264940147663018,-0.9830555538635223,-0.9700259869333954
2023-08-14,"PLP,DTI,HAP,CLX",4,-0.08896901600819504,-0.067266717418089,0.011463663135768465,0.004,-0.09296901600819504,-0.9330337699432568,-0.9846308623476345,-0.9720422404002327
2023-08-15,"HAP,PLP,DTI,VTD,EIN,DRI",6,-0.11474190671851653,-0.06342842491679011,0.010938855455490004,0.004,-0.11874190671851653,-0.9407176028657184,-0.9864558230570957,-0.9738155570558482
2023-08-16,"DTI,PLP,NAG,RIC,BCA,CSC,CTP,EVS",8,-0.0768533537290769,-0.050880544661697114,0.010450193393938989,0.004,-0.0808533537290769,-0.9452736539025869,-0.9875509151864296,-0.9751478357745098
2023-08-17,"RIC,PLP,NHH,HAP,VTD,DTI,NAG,EIN,VLC,CTP",10,-0.06705671666807592,-0.04455104210721252,0.014486604475248254,0.004,-0.07105671666807592,-0.9489434229871202,-0.9884355062788043,-0.9762550255893749
2023-08-18,"EIN,DSC,TTN,VTD,SAV,TDT,THT,CST,HBS,CLX",10,0.01872402598019902,0.02196954434118708,0.021061117300283504,0.004,0.014724025980199021,-0.947987438312671,-0.9882652303728056,-0.9757333593211804
2023-08-21,"DRI,NAB,PXS,MAC,VLB,CST,DHM,DSC,VLC,GSP",10,0.03353831736721764,0.034552144427831506,0.016916989962243223,0.004,0.029538317367217643,-0.9462430245117194,-0.9879186050233263,-0.9748948948476676
2023-08-22,"PBC,HAP,NHH,DST,MAC,VTD,TDT,CST,NAB,S99",10,0.03068781139015304,0.035192874852048146,0.01548364532471549,0.004,0.02668781139015304,-0.9445933405870299,-0.9875961790328589,-0.974011374023894
2023-08-23,"NAG,DRI,DST,HAP,PXS,PBC,S99,HBS,NAB,MIG",10,0.03509071476475425,0.020506066354983324,0.02227808795286692,0.004,0.031090714764754248,-0.9426490813055015,-0.9872105353731764,-0.9734784495351531
2023-08-24,"DST,DRI,PLP,PBC,PXS,NAG,FCM",7,0.02253881687563754,0.03392395556046198,0.013743762476030248,0.004,0.01853881687563754,-0.9413564594513967,-0.9869734338305223,-0.9725787336357891
2023-08-25,"DST,NAG,HAP,DRI,PLP,PXS,HBS,FCM,EIN,SZG",10,0.044881889994392334,0.02081665420336917,0.01628037360658301,0.004,0.04088188999439234,-0.9387244265156125,-0.986440883185377,-0.9720079146160668
2023-08-28,"FCM,HAP,PXS,NAG,DST,EIN,BCA,DRI",8,0.033269969196169966,0.016372290447529938,0.011048768437005058,0.004,0.029269969196169966,-0.9366857900733093,-0.9860440082538857,-0.971549620063929
2023-08-29,"PLP,HAP,BCA,PCH,NAG,NHH,DRI,EIN,HBS,DST",10,0.04111602066986828,0.02137878062819252,0.010684696423167162,0.004,0.037116020669868285,-0.9340825617092672,-0.9855260173757685,-0.970941385632487
2023-08-30,"UNI,PLP,KGM,HAP,FCM,DRI,PXS,DST,CTP",9,0.024782435679203758,0.01591463736712395,0.014458347232556592,0.004,0.020782435679203758,-0.9324489670346892,-0.9852252127628585,-0.970478928322437
2023-08-31,"KGM,DST,HAP,PBC,FCM,TDT",6,0.019673475864124396,0.012293505153345683,0.010982158020678404,0.004,0.015673475864124396,-0.9311200034180495,-0.9849936404916996,-0.9701160108756366
2023-09-05,"UNI,HAP,PBC,GEE,DST,PLP,TVN",7,-0.015910941033304815,-0.0024676513427592133,0.00924823974852559,0.004,-0.019910941033304815,-0.9322159489820391,-0.9852924312309939,-0.9701897541415263
2023-09-06,"VTA,HAP,FCM,PLP,BCA,CTP,TDT,DST,PCH",9,-0.030395561898790596,-0.011645686561043181,0.011083261508856548,0.004,-0.034395561898790596,-0.9342762833005063,-0.9857983063229689,-0.9705369149211017
2023-09-07,"VTA,CTP,PLP,HAP,DHM,DRI,BCA",7,-0.007125835602992213,-0.018199087702183196,0.016214134911679397,0.004,-0.011125835602992212,-0.9347446197009245,-0.9859563120321037,-0.9710731161904295
2023-09-08,"DST,HAP,FCM,TDT,GEE,NAG,NHH,BTS",8,-0.027616987474651356,-0.023666534000343766,0.009268657387495716,0.004,-0.03161698747465136,-0.9365467767212977,-0.9864003311386825,-0.9717577152696326
2023-09-11,"PLP,HAP,NDX,CSC,GEE,PBC,TDT,MIG,DRI,NAG",10,-0.018726559403045007,-0.017619047032561067,0.008117507240878518,0.004,-0.022726559403045007,-0.937735037276341,-0.9867094048209211,-0.972255317412604
2023-09-12,"DST,TDT,CTP",3,-0.044470938897168355,-0.030792561900375957,0.01413749807578557,0.004,-0.04847093889716836,-0.9405040186290593,-0.9873536124477531,-0.9731096472685826
2023-09-13,"HPX,DST,PLP,NAF,DRI,NDX,BCA,HAP,NHH,NAG",10,-0.02465173608418717,-0.026659405450574606,0.01568636700461439,0.004,-0.02865173608418717,-0.9419706978598854,-0.9877159534063185,-0.9738265280847584
2023-09-14,"PBC,HAP,PLP,DRI,NHH,HBS,TVN",7,-0.03521608418176268,-0.029636160867202166,0.011227965310718029,0.004,-0.039216084181762687,-0.9440142626490606,-0.988197685611629,-0.9746022093088917
2023-09-15,"PLP,HBS,HCD,NAG,AFX,TVN",6,-0.06873793884194451,-0.06707842529464801,0.011133859510768803,0.004,-0.07273793884194452,-0.9478626068391107,-0.9890561616338037,-0.9763058531144144
2023-09-18,"AFX,HBS,PLP,NDX,KGM,NAG,DRI,TVN,HCD,GEE",10,-0.08060030683374612,-0.06479065303363017,0.012259593800305746,0.004,-0.08460030683374613,-0.9520648967253901,-0.9899820137175228,-0.9778410123642063
2023-09-19,"NDX,HAP,HBS,VTD,DSC,AFX,KGM",7,-0.07369384013823872,-0.06077428631127746,0.013652646089016729,0.004,-0.07769384013823873,-0.9555974185631191,-0.9907603495422607,-0.979187709023152
2023-09-20,"NDX,PXS,KGM,HAP,PLP,DHM,HCD,VTD",8,-0.04868437800155109,-0.07600139116229376,0.00950244121962765,0.004,-0.052684378001551097,-0.9577591306220369,-0.9912471347795785,-0.9807694720906669
2023-09-21,"PLP,HAP,VTD,PXS,NAG,DRI,HBS,S99,DSC,ELC",10,-0.0761718448455148,-0.0778784076564585,0.010227030922769664,0.004,-0.0801718448455148,-0.9609766955704347,-0.9919488681319838,-0.9822671149826389
2023-09-22,"HBS,EIN,NDX,HCD,HAP,TDT,AFX,PBC,VLB,CSC",10,-0.0406912506558615,-0.04285320639590169,0.016762697090213163,0.004,-0.044691250655861506,-0.9625646026323982,-0.9923086832843607,-0.9830270259642826
2023-09-25,"HBS,S99,HCD,BMS,VTD,PXS,DRI,CSC,VLB,NHA",10,0.0013246607344304163,-0.004416643973591017,0.02954191298955595,0.004,-0.002675339265569584,-0.9625150134314275,-0.992329260165974,-0.9831019895477714
2023-09-26,"PXS,AFX,S99,DRI,HBS,BMS,HCD,TDT,PHC,CSC",10,-0.007246511265412481,-0.006502925980581049,0.02691493558719049,0.004,-0.011246511265412481,-0.9627866488088805,-0.9924155292279314,-0.9832118760589613
2023-09-27,"VTX,FCM,AFX,PHC,DHM,DRI,PXS,EVS,HCD,ACL",10,-0.03480612866026746,-0.02486506936340875,0.01533391575312577,0.004,-0.03880612866026746,-0.9640819014983183,-0.9927098531765324,-0.9836293139252368
2023-09-28,"TNT,NHA,TDC,SAM,VPH,EVS,DHM,DRI,PHC,S99",10,-0.047252636214152856,-0.015111994876104134,0.022559420762309056,0.004,-0.05125263621415285,-0.9657791263403224,-0.9930834924196232,-0.9838767076493169
2023-09-29,"NHA,TVN,SAM,TDC,TNT,DRI,BMS,NAF,PHC,PXS",10,-0.04282653844887109,-0.02651133806623528,0.01772915313341743,0.004,-0.046826538448871094,-0.9672446879018626,-0.9934073685277677,-0.9843041577035666
2023-10-02,"TNT,TDC,TVN,SAM,DRI,NHA,DPR",7,-0.03268724670261369,-0.03664253065504767,0.013597593415927653,0.004,-0.036687246702613696,-0.9683153688692355,-0.9936492340250089,-0.9848792930860705
2023-10-03,"HBS,PHC,DRI,MIG,KGM,AFX,VLC,CSC,DPR,NAG",10,0.017231334601077952,0.006913950515981527,0.01641424585847735,0.004,0.013231334601077952,-0.9677694003885096,-0.9935652049154207,-0.9847747492667008
2023-10-04,"PXS,PHC,TVN,S99,DRI,NAG,SAM,HCD",8,0.04325661398402128,0.010996421745723762,0.013268455576299354,0.004,0.03925661398402128,-0.9663752137826418,-0.9933125966487191,-0.9846073259884531
2023-10-05,"VPH,BMS,TDC,S99,TVN,TTN,NHA,KGM,TCI,DRI",10,0.049898770946496064,0.022622916003980493,0.022071663730074076,0.004,0.04589877094649607,-0.9646973782770569,-0.9930056530540717,-0.9842590988172133
2023-10-06,"BMS,S99,SAM,DSC,PHC,TDC,DRI,HCD,NAG,NHA",10,0.035077901210500154,0.002547686745879565,0.013863316749635701,0.004,0.031077901210500154,-0.9634590363997878,-0.9927882834306543,-0.9842189959319017
2023-10-09,"EVS,S99,VPH,SAM,TDT,PHC,DPR,DHM,BMS,TDC",10,-0.004126628663282439,-0.003621229574551401,0.01301322316701119,0.004,-0.00812662866328244,-0.9636098273875644,-0.9928468903732381,-0.9842761425705492
2023-10-10,"VTD,HBS,DPR,PHC,BMS,TDT,TNT,DRI,NAG,NAB",10,-0.011787421069824545,-0.03011757297384393,0.008746365834608994,0.004,-0.015787421069824545,-0.9640387736749508,-0.9929598195268745,-0.984749706994111
2023-10-11,"EVS,VPH,MIG,NAB,HCD,NAG,TDT,TNT,SAM,NAF",10,-0.06468009793352743,-0.06513542506237219,0.008144393999843125,0.004,-0.06868009793352743,-0.9663647493154648,-0.9934433398112384,-0.9857430413113752
2023-10-12,"TVN,PHC,HBS,NAB,PBC,HCD,NAG,S99,MIG",9,-0.051628843590611075,-0.05435544530983558,0.007375198772389593,0.004,-0.05562884359061107,-0.9681012984121876,-0.9938080792353559,-0.9865179846496595
2023-10-13,"NAB,TDT,SAM,TNT,TVN,PXS,BVS",7,-0.05755429676799183,-0.07533737433638682,0.0093348103079243,0.004,-0.06155429676799183,-0.9699372057498862,-0.9941892185636666,-0.9875336842869169
2023-10-16,"EVS,TNT,TVN,VPH,PHC,BMS,HCD,SAM,CRE,S99",10,-0.0678154507174982,-0.075788310809967,0.013062975242301511,0.004,-0.0718154507174982,-0.9719759276917851,-0.9946065224515378,-0.9884784852968352
2023-10-17,"PXS,EVS,SAM,FCM,NAG,S99,PHC,TDC,TVN,VLB",10,-0.03591479599677001,-0.0423857080629934,0.018979743188065924,0.004,-0.03991479599677002,-0.9729824065317333,-0.9948218020075978,-0.988966832855487
2023-10-18,"PHC,S99,PXS,PGB,TDT,ACL,VLB,HCD,CSC,BMS",10,-0.03489012026183862,-0.02808712541952961,0.015311753188385157,0.004,-0.03889012026183862,-0.9739250536170266,-0.9950231827502619,-0.9892767228048497
2023-10-19,"BMS,NHA,PHC,VPH,TVN,TDT,S99,GSP,TDC,CTI",10,-0.03661676290161103,-0.04790287280279879,0.021760286779465197,0.004,-0.040616762901611037,-0.9748798337464042,-0.9952253249564992,-0.989790398588358
2023-10-20,"PHC,VPH,TVN,HBS,HT1,TDT,PXS,DRI,PBC,VLB",10,-0.07498589552483581,-0.07390856896715654,0.010792203514501142,0.004,-0.07898589552483581,-0.9767634919086629,-0.9956024569406502,-0.9905449756184176
2023-10-23,"VIG,VPH,HT1,SAM,TCI,DRI,AGG,ELC,CRE",9,-0.07282765886242752,-0.05912669390173773,0.011436752463355848,0.004,-0.07682765886242753,-0.9784557523930928,-0.9959403098786468,-0.991104019950861
2023-10-24,"EVS,HT1,VLB,TVN,VPH,VIG,SAM,BMS,TCI,CRE",10,-0.060461092627926594,-0.046929324472191204,0.010671678503470039,0.004,-0.0644610926279266,-0.979758341143253,-0.9962020019396,-0.9915215022850851
2023-10-25,"APG,EVS,GSP,PHC,CRE,SAM,DRI,HT1,VPH,AGG",10,-0.01078079835636594,-0.021904587851402115,0.017218132843157187,0.004,-0.01478079835636594,-0.9799765623857859,-0.9962581393830886,-0.9917072202831293
2023-10-26,"KGM,BMS,DRI,HBS,TVN,DSC,DPR,ELC,S99,VLB",10,0.038600093827504386,0.02609918849186978,0.02698182098001689,0.004,0.03460009382750438,-0.979203655815128,-0.996128670654654,-0.9914907854621772
2023-10-27,"GSP,TCI,EVS,PHC,BMS,TDT,TVN,HT1,DRI,DPR",10,0.026314630986875642,0.014084752209773023,0.014436425217947945,0.004,0.022314630986875642,-0.9786564076920271,-0.996042283368884,-0.9913709352839122
2023-10-30,"TCI,BMS,CRE,ELC,VPH,GSP,CSV,HT1,VLB,TVN",10,0.09316601127238125,0.07212099339496375,0.02421633897851021,0.004,0.08916601127238125,-0.9766679103304694,-0.995689389563141,-0.9907485985645185
2023-10-31,"PHC,GSP,TCI,BMS,NHA,HT1,ELC,AGG,DPR,BVS",10,0.10579794090519276,0.07071139071291334,0.023639800135792855,0.004,0.10179794090519276,-0.9741994232864177,-0.9952505782966243,-0.9900944191029721
2023-11-01,"TDC,HT1,AGG,GSP,TCI,S99,TDT,CSV,DHM,BMS",10,0.0920868868450419,0.08067950520394922,0.012949974440539136,0.004,0.0880868868450419,-0.9718235284980572,-0.9948322165244597,-0.9892952417374422
2023-11-02,"SAV,TDT,NAG,CTI,DPR",5,0.018632899576691297,0.043819936577697255,0.007471832046125693,0.004,0.014632899576691297,-0.971298519134136,-0.994756596867828,-0.9888261599092973
2023-11-03,"APG,CTI,VMD,DRI,SAM,HT1,TDC,VIG,PHC",9,0.05889566241824857,0.05066951007146155,0.010512408970689021,0.004,0.05489566241824857,-0.9696081264061562,-0.9944687567795615,-0.9882599869062846
2023-11-06,"TDT,NAG,SAM,TVN,EVS,CTI,HCD",7,0.02988434482180835,0.03610391762992447,0.009500686001092853,0.004,0.02588434482180835,-0.968699885175897,-0.9943255841727504,-0.9878361264405748
2023-11-07,"S99,APG,BMS,CTI,SAM,TDC,GSP,TVN,SRF",9,0.06141911041379603,0.057136686169377005,0.010250608373645257,0.004,0.057419110413796035,-0.9667774599675509,-0.9939997642638317,-0.987141123014406
2023-11-08,"PXS,NAG,AFX",3,-0.006241134751773088,-0.0018317601518786735,0.00543803293995911,0.004,-0.010241134751773087,-0.9669848063166897,-0.9940612134865483,-0.9871646773928662
2023-11-09,"PXS,TDT,VMD,GSP,TVN,DPR",6,-0.00596373927674317,0.005767813179320203,0.008140353715035964,0.004,-0.00996373927674317,-0.9671817003239881,-0.9941203860069886,-0.9870906456499718
2023-11-10,"PBC,GSP,DRI,PHC,AFX,TVN",6,-0.007788897202837486,-0.004599890379884812,0.006630293577449746,0.004,-0.011788897202837486,-0.9674373186865365,-0.9941897001719445,-0.9871500272648571
2023-11-13,"TDT,SAM,DRI,NAG",4,0.0008569684217699935,0.0249448375499129,0.006872071725701534,0.004,-0.0031430315782300065,-0.9674094134969227,-0.9942079621277831,-0.9868294867824582
2023-11-14,"DPR,GSP,SAM,NAF,PHC,SAV,VLB,CTI,NAG,TDT",10,0.0037608463605419474,0.009251167992621866,0.007046265629247994,0.004,-0.00023915363945805268,-0.9672868453082847,-0.9942093473147201,-0.9867076441521336
2023-11-15,"VMD,DRI,PHC,SAM,GSP,VPH,NAG,TDT",8,0.0036404320044357563,-0.004079186225045251,0.009214274761361246,0.004,-0.00035956799556424376,-0.9671677552929789,-0.9942114294480991,-0.9867618661470067
2023-11-16,"DPR,TDT",2,-0.016157358623112017,-0.008437923239864868,0.0075269102840872515,0.004,-0.020157358623112017,-0.967698237645112,-0.994328111740629,-0.9868735685042973
2023-11-17,"PBC,DPR,DRI,PHC,AFX,TVN,GSP,BVS",8,0.010610019587340605,-0.014499783481435472,0.009959792327986244,0.004,0.006610019587340605,-0.967355515313821,-0.9942906204481373,-0.9870638989188688
2023-11-20,"AGG,NAG,SAM,DRI",4,0.005130733392533143,-0.023480853584318742,0.00903982975646106,0.004,0.0011307333925331432,-0.9671880251661596,-0.9942841646620274,-0.9873676496143068
2023-11-21,"NAG,KGM",2,-0.06563802576733613,-0.029850172755072492,0.010548727965887905,0.004,-0.06963802576733613,-0.9693417384157804,-0.9946822041505751,-0.9877447274556224
2023-11-22,"PXS,GSP",2,-0.0177628635346756,-0.025118235129062066,0.008395547034756423,0.004,-0.0217628635346756,-0.9698863169325113,-0.9947979346159513,-0.9880525582729628
2023-11-23,"DHM,BMS,DRI,S99,GSP,PHC",6,0.028548735156757044,0.010272504349851228,0.014059328359383949,0.004,0.024548735156757043,-0.969026609370023,-0.9946702304905701,-0.9879298281258522
2023-11-24,"PHC,GSP,KGM,DRI,AGG,CTI,TVN,HT1",8,0.00756265615371339,0.013529494785216862,0.00649291382485731,0.004,0.00356265615371339,-0.9687923682667738,-0.9946512423544295,-0.9877665247984242
2023-11-27,"EVS,S99,HCD,VTD,VIG,TVN,HT1,VPH,NAB",9,0.04238190249913863,0.02820173939167879,0.008834825500405671,0.004,0.03838190249913863,-0.9674697294614273,-0.9944459468599857,-0.9874215195189349
2023-11-28,"DRI,HT1,CSV,TDC,HCD",5,0.05229953722914708,0.024784834975906167,0.006727350381758246,0.004,0.04829953722914708,-0.965768411366321,-0.9941776886635769,-0.987109763955964
2023-11-29,"KGM,VPH,DRI,CTI,TDC,S99,AGG",7,0.01573309757452,0.02036439017181212,0.009864199975731847,0.004,0.011733097574519999,-0.9652298424422164,-0.9941093749165575,-0.9868472621597565
2023-11-30,"PHC,VPH,TDC,TVN,DPR,NAB,NHA,CSV",8,0.05086771951004046,0.03876681569524864,0.007921472618076353,0.004,0.046867719510040456,-0.9634611638202472,-0.9938332947524079,-0.9863373723960158
2023-12-01,"TDC,VPH,VIG,S99",4,0.03614452581642169,0.02080442155562251,0.009659515652998052,0.004,0.03214452581642169,-0.9621404849126461,-0.9936350689363743,-0.9860531293317851
2023-12-04,"KGM,DHM,NAG,PHC",4,0.006329384796198628,-0.0007055576172111389,0.01161044222024582,0.004,0.002329384796198628,-0.9619008574734608,-0.9936202425627259,-0.9860629696526213
2023-12-05,"ZZZZZZ,KGM,NAG,MIG,HCD,SAM,AGG",7,-0.026612780120528572,-0.01898352714987209,0.023990122368050187,0.004,-0.030612780120528572,-0.9629147815763002,-0.9938155446743755,-0.9863275436466094
2023-12-06,,0,0.0,-0.022834868823472267,0.0,0.0,0.0,-0.9629147815763002,-0.9938155446743755,-0.9866397523939336
2023-12-07,HBS,1,-0.024285714285714244,0.0036858875988726447,0.005442959921700519,0.004,-0.028285714285714244,-0.9638154225951615,-0.9939904764107289,-0.9865905080229646
2023-12-08,"PHC,KGM,SAM,VPH,DRI,BTP,DPR",7,-0.011621831940317533,-0.013347364251060069,0.006778041224728788,0.004,-0.015621831940317533,-0.964235953672592,-0.9940843561782818,-0.9867694893968038
2023-12-11,"SAM,EVS,VPH,PHC,S99,DRI",6,-0.021611374262959948,-0.002412611041693058,0.0069403604471997005,0.004,-0.025611374262959948,-0.9650088638629314,-0.9942358639462062,-0.9868014094727723
2023-12-12,"EVS,PBC",2,-0.03960305183398444,-0.0032045683980022107,0.011232103205906174,0.004,-0.04360305183398444,-0.9663946196410977,-0.9944871978693379,-0.986843705258874
2023-12-13,"TVN,TTN,PHC,SAM,NHA,EVS,DPR,NAG,CTI,VPH",10,-0.009705538570998474,0.006565174171654841,0.009602920289289352,0.004,-0.013705538570998474,-0.9667207779563641,-0.994562753791574,-0.9867573318924449
2023-12-14,"TVN,EVS,SAM,VPH,TDC,BMS,S99,CTI,HT1,PHC",10,-0.006287318659502395,-0.003526180428711587,0.010841528134322686,0.004,-0.010287318659502394,-0.9669300150300928,-0.9946186884759503,-0.9868040279295497
2023-12-15,"PHC,EVS,SAM,CTI,S99,VPH,TVN,TDC",8,0.003117666578190334,0.01948288557624084,0.010473549247667163,0.004,-0.0008823334218096661,-0.9668269138432108,-0.9946234365869611,-0.9865469323156338
2023-12-18,"PHC,EVS,CTI,TTN,S99,VIG,DRI,SAM,CMM,HT1",10,0.0200884283176062,0.022056364769023132,0.010703301486490725,0.004,0.0160884283176062,-0.9661605186798764,-0.9945369361318953,-0.986250206547525
2023-12-19,"VIG,SAM,S99,TVN,EVS,DPR,TDC",7,0.016296893574196596,0.014910479699009873,0.006767901034688003,0.004,0.012296893574196596,-0.9656090402541964,-0.9944697574169202,-0.9860451905313864
2023-12-20,"S99,VIG,SAM,PHC,EVS,ANV",6,0.016696816037212143,0.020425249704581847,0.0071815936410860965,0.004,0.012696816037212143,-0.9650348207259776,-0.9943995409442017,-0.98576016006341
2023-12-21,"SAM,EVS,AFX,TVN",4,0.008980077330963315,0.0075834768762166,0.009095991082894883,0.004,0.004980077330963315,-0.9647208307122058,-0.994371650225015,-0.9856521725665299
2023-12-22,"VIG,SAM,VPH,TVN",4,0.02641217555547898,0.029204292211431244,0.008447706489512707,0.004,0.022412175555478978,-0.9637890310995252,-0.9942455066617704,-0.9852331544215637
2023-12-25,"SAM,EVS,NAG,VIG,PHC",5,0.01347716240343395,0.012521464448056819,0.010203599909406558,0.004,0.00947716240343395,-0.9633010099908678,-0.9941909703938544,-0.9850482518896433
2023-12-26,"AFX,PHC,SAM,DRI",4,0.02603560317668069,0.0011235993159133015,0.009979602867745352,0.004,0.02203560317668069,-0.962345529650005,-0.9940629649226118,-0.9850314521156949
2023-12-27,"DHM,KGM,BCA,VPH,VIG,AFX,DRI,TDC,BMS",9,0.02323577059737198,0.016858790466360622,0.010698442111154203,0.004,0.01923577059737198,-0.961470599014987,-0.9939487614778346,-0.9847791005033276
2023-12-28,"BCA,HCD,TVN,S99,VIG,TDC,SAM",7,-0.0015930129264952106,-0.000750528585067789,0.01229895076020328,0.004,-0.005593012926495211,-0.9615319768488062,-0.9939826061331104,-0.9847905242234903
2023-12-29,"BCA,S99,AFX,VIG,EVS,SAM,TDC",7,0.001380443429844098,0.0032730548552725777,0.01141179444535832,0.004,-0.002619556570155902,-0.961478873918988,-0.9939983690367497,-0.9847407427749538
2024-01-02,"TVN,S99,VIG,BCA,TDT,MPC",6,0.0013150508871673054,-0.005471605735961721,0.008316952696907243,0.004,-0.0026849491128326944,-0.9614282166779605,-0.99401448311048,-0.984824235414313
2024-01-03,"PHC,VIG",2,-0.01651778528891029,-0.009707311915830408,0.005111860035506899,0.004,-0.02051778528891029,-0.9620653371130844,-0.9941372926608623,-0.9849715512947075
2024-01-04,"BCA,VTD,VPH,BVS,TDC",5,0.013177651134497115,-0.0067693198732408,0.012647993503199294,0.004,0.009177651134497115,-0.9615654473596558,-0.9940834867782,-0.9850732836711922
2024-01-05,"VTD,PHC,SAM,TDC,TVN,VPH,DRI",7,-0.013635901067204534,-0.008406165999296963,0.00940113668070446,0.004,-0.017635901067204536,-0.9620895371170218,-0.9941878298200425,-0.9851987601264766
2024-01-08,"DRI,AFX,PHC,TVN,TDC,S99,BCA",7,-0.019559105158974015,-0.019852308584458234,0.009451565448607051,0.004,-0.023559105158974015,-0.9628310318471753,-0.9943247593485139,-0.9854925989078783
2024-01-09,"S99,SAM,TVN,VTD,TDC,EVS,VPH,DPR",8,-0.014480495576012012,-0.015201378092702104,0.007698999609943635,0.004,-0.018480495576012012,-0.9633692569260772,-0.9944296406082666,-0.9857131313970221
2024-01-10,"SAM,VIG,DRI,VTD,PHC,NHA,BMS,VPH,GSP",9,0.0003643673646307836,-0.005471922404870014,0.00808061951605072,0.004,-0.0036356326353692166,-0.963355909878759,-0.9944498923886619,-0.9857913080334262
2024-01-11,"PBC,BCA,S99,DPR,SAM,DRI,VIG,NHA,TDC",9,-0.011111119642817956,-0.004512791516571721,0.012863396204750237,0.004,-0.015111119642817956,-0.9637630667482983,-0.9945337607288074,-0.9858554288979945
2024-01-12,"S99,PHC,DRI,TDT,EVS,NHA,DPR,VPH",8,0.010226430229722916,0.019084907295716578,0.013094506838600362,0.004,0.006226430229722916,-0.9633924922786606,-0.9944997255713662,-0.9855854810697751
2024-01-15,"SAM,PBC,BMS,VIG,S99,CRE,VPH,EVS,DRI,TVN",10,0.002681114649798444,0.01252767227766819,0.012814337912270135,0.004,-0.0013188853502015562,-0.9632943433534163,-0.9945069798027323,-0.985404900700577
2024-01-16,"SAM,EVS,DRI,BMS",4,-0.013189385448771823,0.012831248697155235,0.008046286814652193,0.004,-0.017189385448771823,-0.9637784684070784,-0.994601401444181,-0.9852176273517064
2024-01-17,"ELC,VPH,SAM,TDT,DRI,GSP",6,0.012839021036284612,0.006291271283566452,0.010163083498504588,0.004,0.008839021036284611,-0.9633134194009905,-0.9945536831179796,-0.9851246274351612
2024-01-18,"PBC,VIG,BMS,TDT,SAM,VPH,DRI,TVN",8,0.008731132243499237,-0.0008061404769030026,0.010751855762424795,0.004,0.004731132243499237,-0.9629931040142187,-0.9945279158725708,-0.9851366190750948
2024-01-19,"BMS,TVN,SAM,THT,VPH,TDT,BVS,EVS,HT1,NHA",10,0.0005047344819393507,-0.00435832184463074,0.010098648638627795,0.004,-0.0034952655180606495,-0.9629744253577451,-0.9945470422595334,-0.9852013984728648
2024-01-22,"BMS,DRI,SAM,DPR,GSP,EVS,VPH",7,0.023147382782248243,0.017836008578691866,0.009345816512793695,0.004,0.019147382782248243,-0.9621173802087681,-0.9944426323903812,-0.9849374504890742
2024-01-23,"BMS,EVS,DRI,DPR,VPH,SAM,TVN",7,0.03703577128878172,0.015294292337059102,0.010460386973254243,0.004,0.033035771288781726,-0.9607143681663602,-0.9942590404650622,-0.9847070794535127
2024-01-24,"BMS,SAM,VIG,TVN,EVS,DPR",6,0.01647228962445139,-0.003560485514848366,0.009202621950845424,0.004,0.012472289624451391,-0.960067243860717,-0.9941874375550201,-0.9847615296755982
2024-01-25,"EVS,VNP,THT,TVN,SAM,MIG,AFX,DPR",8,0.02992659842207604,0.0073500162654993595,0.008280377243486098,0.004,0.02592659842207604,-0.9588721923038499,-0.9940367375827059,-0.9846495266708525
2024-01-26,"EVS,SAM,TVN,S99,THG,MCO,CTI",7,-0.009470967983396512,-0.0026592370302130964,0.007875858054385685,0.004,-0.013470967983396512,-0.9592617124537675,-0.994117068499806,-0.9846903472179607
2024-01-29,"EVS,NAG,VIG,TDC,SAM,TVN,GSP,MCO,CST",9,0.012670320486351305,0.0067360432392572075,0.009885731038084556,0.004,0.008670320486351305,-0.9587455452944915,-0.9940660615983,-0.9845872207348428
2024-01-30,"NAG,SAM,EVS,VPH,VIG",5,0.024869311576735463,0.013867379450459011,0.009703376253930385,0.004,0.020869311576735463,-0.9577195754064919,-0.9939422243889178,-0.9843734858763867
2024-01-31,"GEE,PHC,VIG,TDC,BMS,VPH,EVS,GDA",8,0.0033345592811197394,0.01711388107443509,0.014169288446858108,0.004,-0.0006654407188802607,-0.957578588824254,-0.9939462554794752,-0.9841060555720672
2024-02-01,"TVN,AGG,SAV,EVS,BVS",5,0.026408768122150185,0.0355781314104596,0.007946083359691113,0.004,0.022408768122150185,-0.9564582916130993,-0.9938105985222441,-0.9835405787285797
2024-02-02,"GEE,TDC,VPH,PHC,BVS,EVS,AGG,VIG",8,0.02375252657867065,0.02664447440360133,0.011467763062351255,0.004,0.01975252657867065,-0.9554240660273587,-0.9936883422050485,-0.9831020260998152
2024-02-05,"TDC,TDT,VPH,S99,MIG,PHC,AGG,EVS",8,0.03691190330472542,0.029855775670270476,0.010537575115834336,0.004,0.03291190330472542,-0.9537786834628428,-0.9934806135340086,-0.9825975239817692
2024-02-06,"CRE,TDC,EVS,TVN,VIG,BVS",6,0.029302679758521837,0.03005606641498204,0.008138257489706943,0.004,0.025302679758521837,-0.9524242750263372,-0.9933156555860376,-0.9820744740067802
2024-02-07,"VPH,TDC,S99,CRE,VIG",5,0.07606432124861859,0.014986784008074563,0.009523998408148548,0.004,0.07206432124861858,-0.9488054597983046,-0.9928339528428534,-0.9818058280204887
2024-02-15,"BLI,VPH,VIG,NAG,DHM,TVN,EVS,PHC",8,0.03354989297695779,0.0036476806930237173,0.008939063895741478,0.004,0.02954989297695779,-0.9470878884535331,-0.9926221969162919,-0.9817394614906334
2024-02-16,"VIG,BVS,VPH,PHC,TVN,GSP",6,0.020800865585044143,0.004729328009563064,0.007080298140269337,0.004,0.016800865585044143,-0.9459872707334342,-0.9924982434383696,-0.9816531014143913
2024-02-19,"KGM,TDT,VPH,TDC,AFX,BVS,PHC,NHA",8,0.012646781915166702,-0.0024148993318437477,0.007857585257941474,0.004,0.008646781915166702,-0.945304183525757,-0.9924333773854005,-0.9816974073275272
2024-02-20,"PHC,MIG",2,-0.005900975732417657,0.0014656245922493156,0.0067534682002650115,0.004,-0.009900975732417657,-0.9456269422114363,-0.992508294332284,-0.9816705825976044
2024-02-21,"PHC,TVN,EVS",3,0.02440112130479107,0.015645553262322982,0.006446041410903621,0.004,0.02040112130479107,-0.9443001786326252,-0.9923554551361772,-0.981383808721368
2024-02-22,"TDC,MIG,EVS,VPH",4,0.008064086784156432,0.015717690630975487,0.006360873924581234,0.004,0.004064086784156432,-0.9438510104392566,-0.9923243870424252,-0.9810912051861234
2024-02-23,"VPH,TDC,AGG,GSP,TVN",5,0.012965918445456604,0.014624000047001928,0.009519388429400788,0.004,0.008965918445456604,-0.9431229872198172,-0.9922555681226287,-0.9808146829698765
2024-02-26,"TDC,MIG",2,0.01596068697778874,0.004022398440555997,0.0060568232747403306,0.004,0.01196068697778874,-0.942215191022601,-0.9921629393971226,-0.9807375119805729
2024-02-27,"PHC,SAM,VPH,MIG,AFX,PLP",6,-0.008879141655971423,0.0009553788873928548,0.005321682733165356,0.004,-0.012879141655971423,-0.9427282705270746,-0.9922638740107935,-0.9807191090062005
2024-02-28,"VPH,PLP,PHC,SAM,HBS,AGG,TDC",7,-0.016445499966712407,-0.0006965963599774068,0.008966280383984884,0.004,-0.020445499966712407,-0.9436701327522151,-0.9924220429744484,-0.9807325400046839
2024-02-29,"PHC,VPH,PLP,NHA,TVN,GSP",6,0.016699190753375875,0.014633297211384684,0.008878206192320973,0.004,0.012699190753375875,-0.9427294695539321,-0.99232580905266,-0.980450593536064
2024-03-01,"PHC,PLP,SAM,TVN",4,0.0020443276832709245,0.013234896367539132,0.0075928999072569225,0.004,-0.0019556723167290756,-0.9426123898231056,-0.992340817255449,-0.9801918591674669
2024-03-04,"HBS,PLP",2,-0.0018901939360830844,0.012482995935468234,0.007568810227724154,0.004,-0.0058901939360830845,-0.9427208635358683,-0.9923859313272063,-0.9799445942259651
2024-03-05,"PHC,PLP,SAM,STC",4,-0.036051205186246854,0.014971846655379832,0.007716934648946405,0.004,-0.04005120518624686,-0.9447858454374277,-0.9926908839539225,-0.9796443277661049
2024-03-06,"PHC,TVN,MIG,BMS",4,0.024586293673753257,0.02850851967928001,0.00820781189897618,0.004,0.020586293673753257,-0.9434283340184042,-0.9925404163445024,-0.9790640176836399
2024-03-07,"PHC,MIG",2,-0.006069802731411222,0.012171307641809837,0.009492890992822134,0.004,-0.010069802731411222,-0.9437717128710998,-0.9926155328803717,-0.978809199402084
2024-03-08,"VPH,TVN,PHC,PBC,PLP,TDC,HBS",7,-0.0031732614560927735,-0.0034378463186574408,0.009206375775450804,0.004,-0.007173261456092773,-0.9439501399273881,-0.9926685035937347,-0.978882050117909
2024-03-11,"TVN,VPH,CLX,PHC,TDC",5,-1.6096124494313634e-05,0.01590410655912538,0.008893464223579218,0.004,-0.0040160961244943135,-0.9439510421129137,-0.9926979475880388,-0.9785461879926739
2024-03-12,"VPH,TVN,MIG,AFX,PHC,TDC",6,0.014660071439125844,0.0039005485394472193,0.01060969068571708,0.004,0.010660071439125843,-0.9431293603862004,-0.9926201071876749,-0.9784625063575831
2024-03-13,"PLP,BTS,VPH,SAM,PHC,MIG,AFX",7,-0.0010222563608267407,0.00564726328282906,0.009461726356263205,0.004,-0.005022256360826741,-0.9431874967592899,-0.9926571709012939,-0.9783408784605322
2024-03-14,"VPH,MIG,TVN,PHC,ITD",5,0.011643323431023766,0.0155533625340411,0.007568541161174158,0.004,0.007643323431023766,-0.9425260104091323,-0.9926010472835938,-0.97800400629106
2024-03-15,"PLP,VPH,PHC,TVN,CLX",5,0.0029768889615781726,-0.00015107845309403963,0.010865436741528178,0.004,-0.0010231110384218275,-0.9423549167239413,-0.9926086172337907,-0.9780073294117638
2024-03-18,"PLP,AFX,PHC,VPH",4,0.021835518665543924,0.020559840454571692,0.014353448327491414,0.004,0.017835518665543924,-0.9410962064320901,-0.9924767880884997,-0.9775551636132997
2024-03-19,"BTP,VPH,EVS,TVN,SAM,PHC",6,0.019654049488867804,0.020888556298760526,0.011732881113548643,0.004,0.015654049488867804,-0.9399385083582243,-0.9923590193569218,-0.9770863233848197
2024-03-20,"VPH,PLP,ILA,PHC,MIG",5,0.024419781050586176,0.004058789256662028,0.011253219358377286,0.004,0.020419781050586176,-0.9384718198827606,-0.9922029922051785,-0.9769933216003434
2024-03-21,"GSP,GMH,HBS,HT1,VLC,MPC",6,-0.006766291233811357,-0.011530174891979,0.007102688057806117,0.004,-0.010766291233811356,-0.9388881374685203,-0.9922869370618498,-0.9772585926259749
2024-03-22,"GSP,CLX,VLC,ACC,HT1,GDA",6,0.0074628637323540525,-0.00789435540416087,0.007106009545703544,0.004,0.0034628637323540525,-0.9384320679660175,-0.9922602277759359,-0.9774381213781762
2024-03-25,"DSC,MIG,SBB,HT1",4,-0.00568868529540606,0.0021924424151660423,0.007450755959901467,0.004,-0.00968868529540606,-0.9387823085556477,-0.992335215993273,-0.97738865575852
2024-03-26,"GMH,D2D,MPC,TDC,SAM,TDT",6,-0.015996695967615143,-0.017279063520368725,0.008581350528921025,0.004,-0.019996695967615143,-0.9397615893535223,-0.992488486348713,-0.9777793586119494
2024-03-27,"HT1,MIG,GSP",3,-0.013229367403672976,-0.030786739452638812,0.007751595896031767,0.004,-0.017229367403672976,-0.9405585054197779,-0.9926179049771687,-0.9784634597088339
2024-03-28,"CTI,MIG,DSC,HT1,GDA,MPC,APG,PHC",8,-0.026959655957258424,-0.03534101697083444,0.006414796977462195,0.004,-0.030959655957258424,-0.9421610276632459,-0.9928464520993193,-0.979224582944757
2024-03-29,"MIG,DSC,LBM,GMH,GSP,SAM,NAF,APG",8,-0.006385148838655125,-0.021283245494036235,0.008300180729309325,0.004,-0.010385148838655125,-0.942530338110291,-0.9929207427589923,-0.9796667512461847
2024-04-01,"GMH,VLC,VTD,MIG,CLX,PHC,CSC",7,-0.020650805389425413,-0.02218342512828454,0.007400566516220167,0.004,-0.024650805389425413,-0.9437171329137715,-0.9930952521515422,-0.9801178123475298
2024-04-02,"GMH,CTI,GSP,TLP",4,-0.02714312539643199,-0.022295442682910983,0.0093193643364326,0.004,-0.03114312539643199,-0.9452448258327637,-0.9933102875796174,-0.9805610945227463
2024-04-03,"GMH,GSP,NAF,HT1,MIG,CST,BMS,APG,IDV",9,-0.0180650740909369,-0.01885511599481351,0.008292925417341192,0.004,-0.0220650740909369,-0.9462339821109569,-0.9934578965798202,-0.9809276173403322
2024-04-04,"GMH,CTI,MAC,GSP,VPH",5,-0.05878966104496326,-0.01981819213259,0.007682121975395706,0.004,-0.06278966104496327,-0.9493948680783912,-0.9938686730360944,-0.9813055974843077
2024-04-05,"CSM,NAG,EVS,NHH,SAM,CST,NAF,ILA",8,-0.015590885205325838,-0.036081210359646135,0.006758256025876513,0.004,-0.01959088520532584,-0.9501838468809813,-0.9939887911588006,-0.9819801141540243
2024-04-08,"GMH,DSC,GSP,SAM,PCH,NAG,TNT",7,-0.04329193718628894,-0.039369646753877885,0.00600807936109536,0.004,-0.047291937186288935,-0.9523404846526725,-0.9942730728697322,-0.9826895506943256
2024-04-09,"GSM,VPG,GMH,CSM,APG,GSP",6,-0.02763153285776983,-0.07013501376543176,0.013157589547766987,0.004,-0.03163153285776983,-0.9536573901169776,-0.9944542243534273,-0.9839036192946649
2024-04-10,"CSM,GMH,CTI",3,-0.043772074633362155,-0.07388025551035697,0.006601544115784804,0.004,-0.04777207463336215,-0.955685902295482,-0.9947191575615153,-0.985092824013967
2024-04-11,"GMH,CTI",2,-0.06556100628011202,-0.06462597881160534,0.008883025841590175,0.004,-0.06956100628011203,-0.9585911791333854,-0.995086498275543,-0.9860562148533812
2024-04-12,"GMH,APG,AFX,DXV,PCH",5,-0.08060190125312623,-0.07992973167910306,0.006120836060743118,0.004,-0.08460190125312624,-0.9619288088238847,-0.9955021898632426,-0.9871707378587415
2024-04-15,"BMS,GHC,HBS,VLC,GMH,GSP,TDC,CST,GDA",9,-0.026424974334068367,-0.033522771712303404,0.008747309011234931,0.004,-0.030424974334068367,-0.9629348390735809,-0.9956390356212129,-0.9876008102847402
2024-04-16,"MCO,KGM,BMS,MCF,HBS",5,-0.03368242097189715,-0.01366113631521366,0.010150367969303086,0.004,-0.037682420971897154,-0.9641832834272956,-0.9958033673167779,-0.9877701973056386
2024-04-17,"TCI,CTI",2,0.054481073851221695,0.009560253320256196,0.00869565734699107,0.004,0.05048107385122169,-0.9622319502465899,-0.9955915167923697,-0.9876532772938238
2024-04-19,"BCA,BMS,TV1,HMR,NHH,ACC,GSP",7,0.036905186137741755,0.025288870838931228,0.010965509887719938,0.004,0.03290518613774175,-0.9608381133403808,-0.9954464548318375,-0.9873410426180231
2024-04-22,"IMP,MCO,HT1,KGM,TNT,CMM,VIG",7,0.030044815020198005,0.026134552121339343,0.010369287108854224,0.004,0.026044815020198005,-0.9596615016998505,-0.9953278585902465,-0.987010206436522
2024-04-23,,0,0.0,0.03598205463867009,0.0,0.0,0.0,-0.9596615016998505,-0.9953278585902465,-0.9865428069747759
2024-04-24,TNT,1,0.030476190476190546,0.016564335425996286,0.0095758892240978,0.004,0.026476190476190545,-0.9584321379421318,-0.9952041580843503,-0.9863198975156138
2024-04-25,"VPG,TNT",2,0.040053245723348896,0.0341630708912622,0.009775749740587591,0.004,0.03605324572334889,-0.9567672101489336,-0.9950312524173149,-0.98585254320464
2024-04-26,DCL,1,0.02564102564102555,0.049411592031954554,0.006791111313816378,0.004,0.02164102564102555,-0.9556586770758294,-0.9949237236234744,-0.985153494841178
2024-05-02,"CST,DCL,PCH",3,0.0981665803603009,0.02819868307828933,0.014836735937691525,0.004,0.0941665803603009,-0.9513058410357118,-0.9944457080361331,-0.9847348429473841
2024-05-03,"CST,VPG",2,0.07369532987398075,0.05762465247618866,0.006919305177862434,0.004,0.06969532987398075,-0.9477173089279025,-0.994058599825495,-0.9838551935772327
2024-05-06,"GHC,ILA,GSP,MIG",4,-0.007222837246795122,0.013638552565959042,0.006877471482233832,0.004,-0.011222837246795122,-0.9480949382963407,-0.9941252791926716,-0.9836350017861686
2024-05-07,"ILA,MIG",2,-0.043312346772358123,0.0026845165080869814,0.0072678955761636965,0.004,-0.04731234677235813,-0.9503430683280902,-0.9944032260206986,-0.9835910696783087
2024-05-08,"CST,ILA,BTP,PHC",4,-0.022439061300674218,0.0008859041005995771,0.011969115428031973,0.004,-0.026439061300674218,-0.9514573232618796,-0.9945511994710234,-0.9835765329396502
2024-05-09,"VPG,ILA,VLC,TCI,MPC,SAV,DSC",7,0.0221878384700975,0.022486845208097645,0.00896486124067716,0.004,0.0181878384700975,-0.9503802661915081,-0.9944520975671466,-0.9832072209780839
2024-05-10,SCL,1,0.010804321728691502,0.013258570533538778,0.0054903919575644,0.004,0.0068043217286915016,-0.949844158623349,-0.9944143478540741,-0.9829845727329677
2024-05-13,"VLB,GHC,DCL,VLC",4,0.0213971865651352,0.009965849919624887,0.0077313041020897755,0.004,0.0173971865651352,-0.9487709647280815,-0.9943171732216035,-0.9828149995385062
2024-05-14,"TDT,NAF,DXV",3,0.01927826407059367,0.01293613788514228,0.008000830415462032,0.004,0.01527826407059367,-0.9477833578580277,-0.9942303494934157,-0.98259269200298
2024-05-15,"TVN,PHC,DSC,CST,CLX",5,0.018845625302034107,0.01242161689028612,0.005928909639514579,0.004,0.014845625302034107,-0.9467993025856898,-0.9941446954238713,-0.9823764650919498
2024-05-16,"CLX,MPC,TVN,CST,ILA,PHC,NHH,DVN",8,0.04989837255779102,0.01573793023051472,0.005407466672875422,0.004,0.045898372557791015,-0.9441446743657762,-0.9938759464729967,-0.9820991071291518
2024-05-17,"GHC,TVN,APG,MPC,MIG",5,0.04343961612881819,0.009196524234652732,0.008134832565253358,0.004,0.03943961612881819,-0.9417183404614753,-0.9936344161527394,-0.9819344811340432
2024-05-20,"PHC,PSB,NAF,APG",4,-0.006925380662461289,0.024132606910257693,0.008291985292910864,0.004,-0.010925380662461289,-0.9421219631394195,-0.9937039625794095,-0.9814985130686212
2024-05-21,"MPC,TDC,CLX,EVS,TDT,PHC,GDA,PGV,PPH",9,0.03597042769105886,0.026350198635348283,0.006403098864075036,0.004,0.03197042769105886,-0.9400400653996256,-0.9935026755703144,-0.9810109952129301
2024-05-22,"THT,DVN,APG,PPH,CLX,PHC,VLC,BMS",8,0.030376291594650176,0.01789216791627879,0.006773576048867358,0.004,0.026376291594650176,-0.9382187049422085,-0.9933313002465719,-0.9806712407507168
2024-05-23,"TDC,VPH,VLC,DVN",4,0.031572004906015416,0.006195406114091377,0.005940512300275758,0.004,0.027572004906015416,-0.9362681455915439,-0.9931474308242537,-0.980551491237486
2024-05-24,"THT,TDC,CRE,IDV,VLB,EVS",6,0.010114352726378098,0.013713086993806422,0.008217186118953612,0.004,0.006114352726378098,-0.9356235391361506,-0.9931055317992312,-0.9802847921449258
2024-05-27,"GSP,PCH,NHH",3,0.011448735677267083,-0.006732292704649852,0.0076415783013103296,0.004,0.007448735677267082,-0.9348865100518825,-0.9930541767279684,-0.9804175206949393
2024-05-28,"CST,DCL,MPC,GDA",4,0.029327006774223674,0.007943812446256573,0.007654021273071299,0.004,0.025327006774223674,-0.9329769262910808,-0.9928782598149051,-0.9802619611521071
2024-05-29,"KGM,CST,BTS,BMS,TDT,EVS,DVN,HT1,D2D,PCH",10,0.01136172666891484,0.00969623262411055,0.008443916303870137,0.004,0.007361726668914839,-0.9322154284470895,-0.9928258315102554,-0.9800705765358942
2024-05-30,"PPH,MCF,DVN,GDA,CST,MPC,NAF,SAV",8,0.06279697228614045,0.020373902836785862,0.007263205885491036,0.004,0.05879697228614045,-0.9279587625858534,-0.9924040121243878,-0.9796645363986434
2024-05-31,"CTP,DCL,NAF,S99",4,0.03843130113702484,0.015911129299836225,0.007828813928564049,0.004,0.03443130113702483,-0.9251901240965065,-0.9921424723784094,-0.97934097620791
2024-06-03,"PLP,BTP,BMS,TCI,MPC,PGV,DCL",7,0.03228681860609577,0.021357994429946583,0.00869804700023161,0.004,0.028286818606095773,-0.9227747512032658,-0.9919202079198851,-0.9788997408928305
2024-06-04,"VCP,MPC,CLX,BMS,VPH,DCL,HT1,VIG,CSM,EVS",10,0.03449572822812924,0.01418154175367433,0.007755393372639197,0.004,0.03049572822812924,-0.920110810008424,-0.99167380877647,-0.9786005066872888
2024-06-05,"VPH,BLI,MPC,BMS,PHC,HT1,DCL",7,0.032998968151675835,0.0006549632910009367,0.006490170006636272,0.004,0.028998968151675835,-0.9174745491722288,-0.9914323578223542,-0.9785864908047229
2024-06-06,"CLX,VRG,PHC,EVS",4,0.04635813614717543,0.007269492424162819,0.005811182456557262,0.004,0.04235813614717543,-0.913648823087148,-0.9910694484685332,-0.9784308254618531
2024-06-07,"DCL,CST",2,-0.01544441701944016,-0.029657499482303843,0.005515675206449799,0.004,-0.01944441701944016,-0.9149824666735095,-0.9912430978367246,-0.979070513244552
2024-06-10,"BLI,TDT,VLB,PHC,SCL",5,-0.00808562182482222,-0.016484213305027726,0.006266306257736165,0.004,-0.01208562182482222,-0.9156698862964667,-0.9913489304446269,-0.9794155193685935
2024-06-11,"DCL,NAF,VRG,CST,NAG,TDC,BLI",7,0.009326174749583431,0.01669847189031737,0.007999821581173976,0.004,0.005326174749583431,-0.9148834089194153,-0.9913028533364042,-0.9790717899973932
2024-06-12,"VLB,DCL,NAF,VPH,TNT",5,-0.01183634484983156,-0.004498791284731031,0.009628068347214348,0.004,-0.01583634484983156,-0.9158908782438873,-0.9914405843501785,-0.9791659416461579
2024-06-13,"PCH,PLP,VCP",3,0.046800083385449276,-0.014437588314422023,0.007590437384721094,0.004,0.04280008338544927,-0.9119545643322242,-0.9910742406466354,-0.9794667352035894
2024-06-14,"BCA,DVN,NAF,PHC",4,0.013466687605775213,0.008061487656577892,0.011344054717604857,0.004,0.009466687605775213,-0.9107688839549719,-0.9909897432711928,-0.9793012065428839
2024-06-17,"VCP,MPC,CSM",3,0.05912516106890009,-0.006729592354036719,0.006530210396274401,0.004,0.055125161068900086,-0.905493079846452,-0.9904930514177451,-0.9794405009850706
2024-06-18,"PCH,VIG,PHC",3,-0.01584606677985286,-0.009566210495660147,0.005124448293181223,0.004,-0.01984606677985286,-0.9069906428143633,-0.9906817269541812,-0.9796371774803327
2024-06-19,"PLP,NAF,DVN,PCH,NAG",5,-0.01092867147836667,-0.021980321477951568,0.006721393950654964,0.004,-0.01492867147836667,-0.9080071115234591,-0.990820836391228,-0.9800847588655135
2024-06-20,"HBS,UNI,BTS",3,-0.01044618963787928,-0.0033119615060527297,0.00858378684081873,0.004,-0.01444618963787928,-0.9089680866818214,-0.9909534403294373,-0.9801507173775347
2024-06-21,"DCL,NHH,HBS,TCI",4,-0.04379165969633625,-0.06064273497115026,0.00666754939819264,0.004,-0.04779165969633625,-0.9129545252513575,-0.9913857904306355,-0.9813544321629764
2024-06-24,"BTP,GSP,PCH,VLB",4,-0.03772596102016937,-0.025496027188521002,0.009532650173189716,0.004,-0.04172596102016937,-0.9162383994387069,-0.9917452266033464,-0.9818298200674945
2024-06-25,PCH,1,-0.041910331384015564,-0.02162119471495081,0.00833509865327664,0.004,-0.04591033138401557,-0.9197488758754861,-0.9921242059854867,-0.9822226810658209
2024-06-26,"VPG,DCL,TDC,TCI",4,0.013201247450084802,-0.023147346080198382,0.007189483218228987,0.004,0.009201247450084802,-0.918689460927771,-0.9920517388558933,-0.9826341788195684
2024-06-27,"NAG,VLB",2,-0.00850918992511912,-0.015321876078078809,0.005109552099095582,0.004,-0.01250918992511912,-0.9193813477476505,-0.9921511651641194,-0.9829002557796891
2024-06-28,"TDS,ONE,DVN,NAG,SAS",5,0.03764199048887098,0.016375365994324563,0.010131926810441661,0.004,0.03364199048887098,-0.9163467012063419,-0.9918871147372219,-0.9826202412096721
2024-07-01,ONE,1,0.0,-0.006192699977701672,0.013849845299354069,0.004,-0.004,-0.9163467012063419,-0.991919566278273,-0.9827278688415454
2024-07-02,"PCH,DCL,VPG",3,-0.0013604823803896975,0.00696145659755797,0.005279315853358761,0.004,-0.005360482380389698,-0.9164605100454122,-0.9919628813008643,-0.9826076296501385
2024-07-03,"VPG,BMS",2,-0.009117250138922006,-0.004515620891816933,0.005926918110942481,0.004,-0.013117250138922006,-0.917222160471806,-0.9920683061972371,-0.9826861670010486
2024-07-04,"TDT,VCP",2,-0.006696428571428548,-0.00027140657899188137,0.010465198911989715,0.004,-0.010696428571428548,-0.9177764763615038,-0.9921531469934487,-0.9826908660892321
2024-07-05,"TDT,TDC",2,0.08765325159914711,0.004382954377582303,0.0108424476384269,0.004,0.0836532515991471,-0.9105693171566502,-0.9914967322246302,-0.9826150009449857
2024-07-08,"BTS,TCI,TDC,NHH",4,0.06457960685625977,0.007051193686105039,0.007130737435812939,0.004,0.060579606856259766,-0.9047939188177399,-0.9909816076058048,-0.982492415949416
2024-07-09,"MPC,CSC",2,0.01891612573830803,-0.02063265962496192,0.0065561909212925595,0.004,0.014916125738308032,-0.9029929886150447,-0.9908470881308955,-0.9828536439719872
2024-07-10,"TDT,TDC,NAF",3,0.03010494900359939,-0.032560836269942654,0.01020408584932945,0.004,0.02610494900359939,-0.900072597484309,-0.9906081518333182,-0.9834119436632415
2024-07-11,"GEE,TDC,CSC,GSP",4,-0.007850476141573887,-0.034304060298389685,0.006511629107671946,0.004,-0.011850476141573887,-0.9008570751736479,-0.9907194497059427,-0.9839809813480507
2024-07-12,"TAR,S99,NAF",3,0.012719326278369728,-0.03839343765671287,0.018791872916411972,0.004,0.008719326278369728,-0.8995960439645896,-0.990638529559886,-0.984596006541986
2024-07-15,"HIO,CTI,GEE,LBM",4,-0.05043642219070227,-0.08467377182231124,0.021869586226589577,0.004,-0.05443642219070227,-0.9046600602808084,-0.9911481345170898,-0.9859003207692023
2024-07-16,"HIO,VBB,PPH,PVO",4,-0.0949480955060735,-0.07646641344524277,0.015592328026832913,0.004,-0.0989480955060735,-0.9137124059828095,-0.9920240097482997,-0.9869784726707097
2024-07-17,"HIO,PCH,BMS,CSC",4,-0.08542689901886866,-0.04948754247347015,0.015747915466329976,0.004,-0.08942689901886866,-0.9210836875634971,-0.992737277823114,-0.9876228760574874
2024-07-18,"VLB,PCH,VCP",3,-0.003707689144799168,-0.04670686861354192,0.007318034186520957,0.004,-0.007707689144799168,-0.9213762847184654,-0.9927932566279984,-0.9882009727592839
2024-07-19,"SCL,PCH,APG,SAM,CSC,BMS,CTI,VPH",8,-0.032700582556239505,-0.025714699356665576,0.013604751966206224,0.004,-0.03670058255623951,-0.9239473260109076,-0.9930577483080842,-0.9885043811974801
2024-07-22,"SCL,NHH,EVS,VCP",4,0.022069684921597277,0.006572021103707115,0.010167811470906396,0.004,0.018069684921597277,-0.9222688674585233,-0.9929323040073649,-0.9884288317481097
2024-07-23,"S99,PBC,CSC,PCH,CRE,CLX,GDA",7,0.02598690321624475,0.018024837976705912,0.009934212118093231,0.004,0.02198690321624475,-0.9202488760402789,-0.992776907259613,-0.9882202633151682
2024-07-24,"TXM,CSM,S99",3,-0.10598975522765204,-0.0070719316896447745,0.0162523402356672,0.004,-0.10998975522765204,-0.9287016781478998,-0.9935713734621148,-0.9883035688083253
2024-07-25,"SAM,CST",2,0.005490733352403632,-0.0264918108969518,0.006598144011834117,0.004,0.0014907333524036316,-0.9283101980741362,-0.9935617900941246,-0.9886134284516244
2024-07-26,"DCL,SAM",2,-0.023392832916642514,-0.046884363992844263,0.011931767520889425,0.004,-0.027392832916642514,-0.9299872256324151,-0.9937381509023585,-0.989147280616729
2024-07-29,"TXM,DCL,CSM",3,-0.0964175991447463,-0.07712257900007895,0.01425060167409383,0.004,-0.10041759914474631,-0.9367376892464004,-0.9943669507549504,-0.989984270324731
2024-07-30,"TXM,VLC",2,-0.0663967223503577,-0.03648081356679627,0.010579039704457283,0.004,-0.07039672235035771,-0.9409380993287493,-0.99476349895864,-0.9903496522917499
2024-07-31,"DCL,ITD,CSM",3,-0.04219138184553154,-0.056525756641653456,0.005464771878736545,0.004,-0.04619138184553154,-0.9434300025324929,-0.9950053801777761,-0.9908951454978138
2024-08-01,"VLB,EVS,THT,CSC",4,-0.02632084253882483,-0.025490037361058676,0.0069578849327341374,0.004,-0.03032084253882483,-0.9449189725282569,-0.995156821258947,-0.9911272285792415
2024-08-02,"TAR,S99",2,-0.055793091884641155,-0.019953670712044434,0.011691524189322955,0.004,-0.05979309188464116,-0.9479921133550883,-0.9954464098904245,-0.9913042729384746
2024-08-05,"PBC,EVS,VLB,L14,CSM,GDA,DSC,ITD",8,0.036717774301282396,0.03506625407161624,0.009455490078668694,0.004,0.03271777430128239,-0.9460824995113737,-0.9952974265569589,-0.9909993463639977
2024-08-06,"S99,DRI,GDA,MIG",4,0.02695827594878114,0.013826261796176943,0.009072807925947446,0.004,0.02295827594878114,-0.9446289766547328,-0.995189463578184,-0.9908749009704896
2024-08-07,MIG,1,-0.0025706940874036244,0.01593266991842946,0.0043473354035601375,0.004,-0.0065706940874036245,-0.9447713186170599,-0.9952210721414082,-0.9907295137796794
2024-08-08,"DRI,GDA,DCL",3,0.06601248695025878,0.025624253368451953,0.0058638430010340414,0.004,0.06201248695025878,-0.9411255360079885,-0.994924718939941,-0.9904919644919212
2024-08-09,HIO,1,-0.01904761904761898,0.03800553484969436,0.02019655136834997,0.004,-0.02304761904761898,-0.9422469543697412,-0.9950416920843729,-0.9901306065170667
2024-08-12,CMM,1,-0.053333333333333344,0.036628662607723315,0.053172175089518214,0.004,-0.05733333333333335,-0.945327116803355,-0.9953259684048688,-0.9897691038330375
2024-08-13,"TDT,AGG,DCL",3,0.04490062924040927,0.030539927353087703,0.0057139033936270955,0.004,0.04090062924040927,-0.9428722699454383,-0.9951347975715384,-0.9894566530073415
2024-08-14,"GEE,TDT,DVN,GDA",4,-0.003582875772658839,0.03258822349972155,0.00939768200085439,0.004,-0.007582875772658839,-0.9430769515053977,-0.9951716897971623,-0.9891130640591097
2024-08-15,"TDT,NAF,GDA,NAG",4,0.02249699375079134,0.02678040730428002,0.0058496557178258635,0.004,0.01849699375079134,-0.9417963540391386,-0.9950823805735135,-0.988821507480317
2024-08-16,"TAR,DVN,PHC,MPC,CRE,NAG,APG",7,-0.028945792577504688,-0.006084120871471456,0.017962823117224413,0.004,-0.032945792577504684,-0.9434811047023762,-0.9952443954431136,-0.9888895187799676
2024-08-19,"DVN,SBB,NAF,MCO,CRE,DSC",6,0.01554186169875064,0.0035718270691623144,0.007861918127834655,0.004,0.01154186169875064,-0.9426026958482944,-0.9951895069130241,-0.9888498340623945
2024-08-20,"DHM,PHC,MPC,CRE,ITD,CMM,VIG,SAM,NAF",9,-0.01625506661864494,-0.025634586458718626,0.007412643286319002,0.004,-0.02025506661864494,-0.943535692851011,-0.9952869437709693,-0.9891356639551511
2024-08-21,"DSC,HIO,NAF,VIG,MPC,DVN,SBB,BMS,CTI",9,0.008580764224233768,-0.004846376496223719,0.007778417144051142,0.004,0.004580764224233768,-0.9430511859442808,-0.9952653543716086,-0.9891883166180059
2024-08-22,"SAM,PCH,NAF",3,0.046204858180979004,-0.002632193895439765,0.00650752950830169,0.004,0.04220485818097901,-0.9404198740672614,-0.9950655293243251,-0.9892167750650034
2024-08-23,"APG,VIG,NAF,CRE,DVN,VLC",6,-0.0009280067041449088,-0.008614955359507818,0.0073002351690248934,0.004,-0.004928006704144909,-0.9404751648235607,-0.9950898464288962,-0.9893096720664499
2024-08-26,"PHC,BMS,VIG,GEE,NAF,EVS,SAV,GDA,CRE,VPH",10,0.0042613747074489285,-0.014722506072700679,0.00880623442575137,0.004,0.0002613747074489284,-0.9402215071964748,-0.9950885630389431,-0.9894670604843708
2024-08-27,"APG,SCL,NAF,GDA,VIG,S99,GSP,EVS,GEE,MIG",10,0.00375180840134024,-0.005232212851631838,0.006954738423236617,0.004,-0.00024819159865976026,-0.9399972297449551,-0.9950897820163341,-0.9895221710658699
2024-08-28,"GSP,CRE,APG,CSM,NAF,MPC",6,0.0015266422752317672,-0.00992637889579638,0.006643771614400551,0.004,-0.002473357724768233,-0.9399056269792527,-0.9951019267419143,-0.9896261779658755
2024-08-29,"NHH,MIG,CRE,VIG,NAG,ANV",6,-0.014448471701370239,-0.02501213113848611,0.008017371544519536,0.004,-0.01844847170137024,-0.9407738988272546,-0.9951922887078074,-0.9898856493630003
2024-08-30,"CRE,NHH,VLB,VLC,TL4,MIG",6,0.016270449837223533,-0.013624252963455675,0.008136451094428362,0.004,0.012270449837223533,-0.9398102635190692,-0.9951332959275647,-0.9900234498346399
2024-09-04,"HMR,CRE,PHC,NHH,TV1,VPH,VIG",7,-0.029066631263452578,-0.029393986253187763,0.00794629501647919,0.004,-0.03306663126345258,-0.9415597763952047,-0.9952942214365962,-0.9903167004130548
2024-09-05,"HBS,VPH,PHC,VIG,NHH",5,-0.01770867180131421,-0.010526382945634986,0.008538029002973868,0.004,-0.02170867180131421,-0.9425946751350174,-0.9953963776389988,-0.9904186305326842
2024-09-06,"VLC,PLP,HBS,GSP,PCH",5,0.0006277313324070111,0.012438537428989234,0.0063569401193587,0.004,-0.003372268667592989,-0.9425586400139527,-0.9954119022904443,-0.990299452309944
2024-09-09,"HBS,CRE,TDT,VLC,GDA,HCD,SAV,DCL",8,-0.005291704739271666,-0.002452020797953631,0.008951076040603911,0.004,-0.009291704739271666,-0.942862602730821,-0.9954545335396764,-0.9903232382546315
2024-09-10,"APG,DCL,NHH,SAV",4,-0.013060862079739527,0.002603466134830397,0.005845623859445925,0.004,-0.017060862079739527,-0.943608866396149,-0.995532083116044,-0.9902980451331327
2024-09-11,"SAV,TCI,PCH",3,0.018481523178184744,0.008580817599066568,0.008985610225284471,0.004,0.014481523178184744,-0.9425666723534054,-0.9954673808741308,-0.9902147944280657
2024-09-12,"LBM,TTN,BMS",3,0.04310801817364943,0.018492702001327938,0.006573321858149257,0.004,0.039108018173649436,-0.9400908354214429,-0.9952901191229822,-0.9900338395374022
2024-09-13,"APG,TCI,VLC",3,0.018458242590663865,0.005988367539188435,0.010599863392624309,0.004,0.014458242590663865,-0.9389850175282478,-0.9952220225226891,-0.9899741585055977
2024-09-16,"GDA,LBM,TDC",3,-0.015374038750002317,0.01479502562637385,0.005616679616966695,0.004,-0.019374038750002317,-0.9399230642330992,-0.9953145912434811,-0.989825825923762
2024-09-17,"APG,GDA",2,0.00042039916137992517,0.010228483097675132,0.006399073829145063,0.004,-0.003579600838620075,-0.9398978079396846,-0.9953313631365952,-0.9897217595561904
2024-09-18,"APG,VLC,PCH,TCI,AFX",5,0.0035624275945632887,0.006748813432285265,0.007152563890255381,0.004,-0.00043757240543671133,-0.9396836982321952,-0.9953334060032577,-0.9896523936290229
2024-09-19,"ELC,S99,HCD",3,-0.001640921111256614,-0.0027574895323404427,0.005117562237276034,0.004,-0.005640921111256614,-0.9397826725251188,-0.9953597298918515,-0.9896809270452757
2024-09-20,"DCL,VLC,GDA",3,-0.03375498639800034,-0.025314433141811307,0.005588250750853563,0.004,-0.037754986398000345,-0.9418153075949575,-0.9955349232266677,-0.9899421485276736
2024-09-23,"PHC,EVS,ELC,VLC,NAG",5,-0.013810597782180235,-0.018490857238024534,0.008597627329954305,0.004,-0.017810597782180235,-0.9426188729788434,-0.9956144489131441,-0.9901281268233696
2024-09-24,,0,0.0,-0.0013752486392369862,0.0,0.0,0.0,-0.9426188729788434,-0.9956144489131441,-0.9901417031035225
2024-09-25,"DSC,CRE,S99,GDA,SAM,DVN",6,-0.006237024357534131,-0.007365171430792334,0.006776936897431233,0.004,-0.010237024357534132,-0.9429767604657371,-0.9956593439064415,-0.9902143111501807
2024-09-26,"HCD,PCH,CRE,EVS,GSP,FCN,VPH,CSM,TCI",9,-0.01988393793412287,-0.019295470945674756,0.006420347523004096,0.004,-0.02388393793412287,-0.944110607021439,-0.9957630158671734,-0.9904031306250658
2024-09-27,"PCH,FCN,TCI",3,-0.02235039042498717,-0.010838774334020782,0.006631223434961697,0.004,-0.026350390424987172,-0.9453597567751253,-0.9958746620532979,-0.9905071489265338
2024-09-30,"TDT,KGM,S99,CRE,EVS,VTD,VIG,VPH,NAF",9,-0.02131912557527778,-0.015139661049527374,0.007695023436880123,0.004,-0.02531912557527778,-0.9465246389819002,-0.9959791120028109,-0.9906508674741796
2024-10-01,"CRE,ITD",2,0.009138499979630232,-0.0216832980773513,0.004999549098887557,0.004,0.005138499979630232,-0.9460359543963255,-0.9959584506699192,-0.9908535875015017
2024-10-02,"VPH,TCI,NHH,TDC,FCN",5,-0.017831703256077126,-0.022626564080314434,0.007099925679714847,0.004,-0.021831703256077126,-0.9469982252440277,-0.9960466845755883,-0.9910605393900039
2024-10-03,"EVS,MAC,PCH,VIG,VPH,GDA,BMS",7,0.008506303610965984,-0.0021299772067915096,0.00881721730797791,0.004,0.004506303610965984,-0.9465473760560333,-0.996028869736016,-0.9910795802373442
2024-10-04,"DCL,GDA,D2D,BMS,CRE,ELC",6,-0.023598019784507023,-0.008435402354131372,0.0067239949476735434,0.004,-0.027598019784507023,-0.9478087521333969,-0.9961384650676083,-0.99115482756721
2024-10-07,"D2D,CSM,ELC,NAF,APG",5,-0.006618495583014128,-0.00203962750082868,0.006268845731029993,0.004,-0.010618495583014129,-0.948154179676874,-0.9961794687592316,-0.9911728684241535
2024-10-08,"ELC,GDA,NAF,TCI,DSC,VIG,GSP,MAC,VPG",9,-0.006534567218150477,-0.0006044337110757885,0.008090690762555308,0.004,-0.010534567218150477,-0.9484929696747556,-0.9962197164023965,-0.9911782038400501
2024-10-09,"D2D,CTI,GDA,ELC",4,-0.026827947175912942,-0.01464782582863209,0.007258220058582288,0.004,-0.030827947175912942,-0.9498747975635093,-0.9963362547854534,-0.9913074239736966
2024-10-10,"PRE,PCH,GDA,ITD,MAC,HT1,SAM",7,0.005343515213306164,-0.004384131613908291,0.007156713044306461,0.004,0.0013435152133061635,-0.9496069527817199,-0.99633133248802,-0.9913455333710599
2024-10-11,"VPH,PCH,GDA,NAF,VPG,HCD",6,-0.005408596499445417,-0.024743173682836274,0.007146811064589402,0.004,-0.009408596499445417,-0.9498795084405012,-0.9963658495003308,-0.991559672341992
2024-10-14,"D2D,GSP,NAF,PCH,GDA,DSC,CTI",7,-0.023534298704433448,-0.02049043397709907,0.008243954563632203,0.004,-0.027534298704433448,-0.9510590590600754,-0.9964659132857255,-0.9917326183186136
2024-10-15,"D2D,GDA,CST,APG,MIG,BMS",6,-0.04757992801284574,-0.005045649439583833,0.007006730054224142,0.004,-0.051579928012845735,-0.9533876655068779,-0.996648201224039,-0.9917743326283611
2024-10-16,"APG,GSP",2,-0.02577319587628868,-0.004863830629322385,0.006081527957919608,0.004,-0.02977319587628868,-0.9545890143340203,-0.9967479949855336,-0.9918143408812699
2024-10-17,"ITD,APG,CTI",3,-0.001382300068838919,-0.004594924941579662,0.006228127619258099,0.004,-0.005382300068838919,-0.9546517859426324,-0.9967654982523468,-0.9918519533705178
2024-10-18,"ITD,APG,DCL,GDA",4,0.009616379487265153,-0.025603375636760264,0.006139617879446779,0.004,0.005616379487265153,-0.954215700307187,-0.9967473320630797,-0.9920605708690783
2024-10-21,"APG,CST,CRE,NAF,GDA",5,-0.005883863526617716,-0.012530688109608838,0.005485865000573131,0.004,-0.009883863526617716,-0.9544850888782414,-0.9967794809890657,-0.9921600573792861
2024-10-22,"VPH,GSP,DRI,GDA,CRE,APG,NAG",7,-0.0028469289713004713,-0.0020051275202798437,0.0056139877393122095,0.004,-0.006846928971300471,-0.9546146665973401,-0.9968015316539842,-0.9921757774639924
2024-10-23,"VPH,NAF,ACC,HCD,EVS,DCL,NHH",7,-0.019962656760289837,-0.013433759736689855,0.00619925940909037,0.004,-0.023962656760289837,-0.9555206784300087,-0.9968781754531185,-0.9922808861896675
2024-10-24,"VPH,ACC,MPC,CRE,NAF,DSC,NHH",7,-0.022499883983276896,-0.008823218303935084,0.008068997810553797,0.004,-0.026499883983276896,-0.9565214580049883,-0.996960903441427,-0.992348993615929
2024-10-25,"TTN,NHH,DCL,CRE,TNS",5,0.0190076400189217,-0.011646654807756184,0.005435851354981569,0.004,0.0150076400189217,-0.9556950335301996,-0.9969152937742932,-0.9924381022462162
2024-10-28,"PCH,DCL,NAF",3,-0.0005407932066504584,0.0015340111209967927,0.00581784304144269,0.004,-0.0045407932066504585,-0.9557189933550873,-0.9969293007873674,-0.9924265022109661
2024-10-29,"PCH,GSP,VPG,NAF,NHH",5,-0.011127141188030154,-0.02207265218230741,0.005621060286042079,0.004,-0.015127141188030154,-0.9562117143679734,-0.9969757516879029,-0.9925936693934669
2024-10-30,"ITD,CLX,MPC,HCD",4,-0.012411727527325889,-0.01232317514111902,0.006540274439746918,0.004,-0.01641172752732589,-0.9567552026381267,-0.997025384827176,-0.9926849389026843
2024-10-31,"TMT,NHH,CTI,MPC,GDA,ITD,MIG",7,0.013225352848621141,-0.0011376666073797147,0.008183362765464703,0.004,0.009225352848621141,-0.9561832749341489,-0.9969979429526178,-0.9926932610034256
2024-11-01,"TTN,GDA,DTL",3,0.0023565968594485933,-0.0021717313692149777,0.007686559888253027,0.004,-0.0016434031405514068,-0.9560800165774673,-0.9970028765425976,-0.9927091292777112
2024-11-04,"PCH,TDC,NHH",3,-0.012610758523424045,0.008455405001051712,0.008062767664291851,0.004,-0.016610758523424043,-0.9566338808827617,-0.9970526610366134,-0.9926474820129438
2024-11-05,,0,0.0,-0.010820349786182607,0.0,0.0,0.0,-0.9566338808827617,-0.9970526610366134,-0.992727038829373
2024-11-06,"CTI,HCD",2,0.025543319719953272,-0.006198358581853533,0.0077181154538201735,0.004,0.021543319719953272,-0.9555261662371365,-0.996989165571002,-0.9927721192506604
2024-11-07,"CTI,CRE,LDP,VCP,GDA",5,0.001348848619332843,-0.009607126761770066,0.00811095159596622,0.004,-0.002651151380667157,-0.955466177767869,-0.9969971477488555,-0.9928415584172383
2024-11-08,"CRE,GDA",2,-0.033100329837679465,-0.01944770965537036,0.007224579163306766,0.004,-0.03710032983767947,-0.9569402619726852,-0.9971085545578268,-0.9929807737107248
2024-11-11,"CLX,MIG,CRE",3,-0.03844033833832657,-0.03199042291574004,0.006925394137742884,0.004,-0.04244033833832657,-0.9585954928712148,-0.9972312684806794,-0.99320532172826
2024-11-12,NAG,1,0.04140786749482395,-0.009293346518456579,0.00400976019122834,0.004,0.03740786749482394,-0.9568810205263376,-0.997127696138876,-0.9932684670279207
2024-11-13,"GSP,MIG,CLX",3,-0.015063520874492808,-0.019682181973259067,0.006102997703919681,0.004,-0.01906352087449281,-0.957530544173726,-0.9971824523634903,-0.9934009582848361
2024-11-14,"GSP,GDA,MIG",3,-0.02497949619214997,-0.015448966929010148,0.007690163892304813,0.004,-0.02897949619214997,-0.9585914097838211,-0.9972641034744938,-0.9935029066620569
2024-11-15,"ITD,HBS,GSP,MIG,VCP,SBB,VIG,GDA,CRE",9,-0.0077803249688939025,0.0012902034508348098,0.008115717667015195,0.004,-0.011780324968893903,-0.9589135820722067,-0.9972963332246455,-0.9934945240898119
2024-11-18,"ANT,GSP,MIG,SBB,DVN,MCM,GDA",7,0.0017855337743136745,-0.00023161561561911028,0.013001211299751165,0.004,-0.0022144662256863255,-0.958840220885331,-0.997302320403405,-0.9934960308596197
2024-11-19,"GDA,CLX,SAM,TDC",4,0.011854599066509042,0.02483959082172809,0.006340835971489767,0.004,0.007854599066509042,-0.9583522882062606,-0.9972811312117639,-0.9933344749274555
2024-11-20,"SBB,GSP,MIG,CMM",4,0.004553654111349836,0.01963888869911827,0.008436789949865076,0.004,0.0005536541113498362,-0.9581626389322228,-0.9972796258988811,-0.9932035714224347
2024-11-21,"ACC,ELC,CTI",3,0.04923875168203266,0.02650468537862157,0.004983871596014729,0.004,0.04523875168203266,-0.9561026194995749,-0.9971565595704384,-0.993023434221288
2024-11-22,"VIG,SAM,DCL,VLC",4,0.008373462629471362,0.014488236310688851,0.005149765980494936,0.004,0.004373462629471362,-0.9557350464244229,-0.9971441238899805,-0.9929223560876489
2024-11-25,"ANT,PCH",2,0.024103060078936978,0.018172674900738695,0.007775701612887209,0.004,0.020103060078936977,-0.9546681255889994,-0.9970867120409628,-0.9927937363657666
2024-11-26,"MIG,VIG,PCH,TDT,APG",5,0.017616306355175193,0.01621909122639984,0.0066668481723833216,0.004,0.013616306355175193,-0.9538695454017209,-0.9970470438196116,-0.9926768573184814
2024-11-27,"PCH,SBB",2,-0.012629943105991415,0.00830141652938109,0.005416195605455476,0.004,-0.016629943105991415,-0.9544521704187506,-0.997096151312886,-0.9926160648607781
2024-11-28,"MIG,SBB,GSP",3,0.03870496308758953,0.017550787548371118,0.007089530115567196,0.004,0.034704963087589524,-0.9526892433560886,-0.9969953733513878,-0.9924864709838787
2024-11-29,"GSP,IDV",2,0.004528374767369059,0.009690349832788242,0.008396358209338706,0.004,0.0005283747673690588,-0.9524750025194771,-0.9969937857824813,-0.9924136622592337
2024-12-02,"GSP,DVN,ELC",3,-0.0041150214087299535,0.014920955246746546,0.0069338432805978,0.004,-0.008115021408729953,-0.9526705689015593,-0.9970181812752157,-0.992300466853317
2024-12-03,"NAG,GSP,VPH,LAI,CLX,TDC",6,0.028932708719157058,0.009756406889175817,0.005503216775879356,0.004,0.024932708719157058,-0.9513012002577448,-0.9969438364574973,-0.9922253470750813
2024-12-04,"L14,HT1,GSP,CRE,VPH,FCN",6,0.04698553716314805,0.023450164274644594,0.004885515925903805,0.004,0.042985537163148055,-0.9490130609926544,-0.9968124656259644,-0.9920430301868135
2024-12-05,"GSP,HT1,NAF,VLC,PCH",5,-0.005923259113686985,-0.005853657644073147,0.006424942690950575,0.004,-0.009923259113686985,-0.9493150698438086,-0.9968440963554918,-0.9920896075639841
2024-12-06,"GSP,MPC,VIG,VLC,APG",5,0.0026441695680414546,0.010763248049984122,0.007674998605984529,0.004,-0.0013558304319585455,-0.9491810502939313,-0.9968483752256933,-0.9920044660480226
2024-12-09,"APG,VLC,GSP,CRE,GDA,TVN,HT1",7,0.03133593411614165,0.011327535540807374,0.006812275392312455,0.004,0.027335934116141648,-0.9475885910340904,-0.996762222618504,-0.9919138963530139
2024-12-10,"PHC,IDV,AVG,VLC,HT1,GSP,SAV,LAI,PCH",9,0.0021810239966397996,-0.004781424122141032,0.00813902377847469,0.004,-0.0018189760033602005,-0.9474742804934381,-0.9967681120578652,-0.9919525594440457
2024-12-11,"VLC,HT1,GSP,GDA,AVG,PSB,FCN,CLX,BMS,SAM",10,0.0430348690364307,0.016015207953997586,0.006443111220873843,0.004,0.039034869036430705,-0.9452138430334289,-0.9966419557353036,-0.9918236780100447
2024-12-12,"ACC,SAM,TCI,TS3,MIG",5,0.027542566320188987,-0.010951518373474379,0.006708257754269376,0.004,0.023542566320188987,-0.9437048916717488,-0.9965628987554959,-0.991913221150545
2024-12-13,"ACC,PSB,NAG,GSP,MIG,GDA,HT1",7,0.02344215194197617,0.015078696378747765,0.006602004851446035,0.004,0.01944215194197617,-0.9423852131887279,-0.9964960741108602,-0.991791283067592
2024-12-16,"ACC,GDA,SAM,MIG",4,0.02307147278861385,0.01647104512535494,0.007018108157962222,0.004,0.01907147278861385,-0.9410559552025899,-0.9964292490836122,-0.9916560769205771
2024-12-17,"ACC,BMS,MIG,CRE",4,0.02852365773287277,0.016597821645253287,0.0073161125146750106,0.004,0.02452365773287277,-0.9393746554433975,-0.9963416812102893,-0.9915175859734832
2024-12-18,"BMS,ACC,GDA,NAG,VLC,CLX",6,0.01848814280312494,0.0021712483980306616,0.007990041960704483,0.004,0.01448814280312494,-0.9382538054157463,-0.9962886789652446,-0.9914991685456166
2024-12-19,"CRE,ACC,NAG,GDA",4,0.02527058510251534,0.01438823794964107,0.007027876590002813,0.004,0.02127058510251534,-0.9366934429507485,-0.9962097369953321,-0.9913768565598812
2024-12-20,"TCI,S99,GDA,VPH,LAI,VLC,PCH",7,0.0008768974372563695,0.004811338649365272,0.006035446505161334,0.004,-0.0031231025627436303,-0.9366379295931104,-0.9962215743754355,-0.9913353676965687
2024-12-23,"DHM,AGG,NAG,LDP",4,0.001517096928353251,-0.006438349488682707,0.008317692221750994,0.004,-0.002482903071646749,-0.9365418031907221,-0.9962309558400246,-0.9913911536275292
2024-12-24,"TCI,MPC,NAG,ACC",4,0.00022653067502184654,0.0036660656763934122,0.00657069489041584,0.004,-0.0037734693249781535,-0.9365274279625632,-0.9962451782125469,-0.9913595930313297
2024-12-25,"GDA,VLC,AGG,VPH,TCI,VIG,CTP,NAG,PHC,LBM",10,-0.02760076111964067,-0.024029516941888596,0.007413858830827525,0.004,-0.03160076111964067,-0.9382793192610177,-0.996363833438899,-0.9915672178369681
2024-12-26,"SBB,GDA,HBS,AGG,NAG,NHH,NAF,BMS,VPH",9,-0.036505989381563145,-0.03098969463433507,0.010390562730026698,0.004,-0.04050598938156315,-0.9405324937766978,-0.9965111199630126,-0.9918285471811183
2024-12-27,"APG,MCM,GDA,NAG,CLX,BMS",6,-0.03609777909005065,-0.04299964241224344,0.00794189317457572,0.004,-0.04009777909005065,-0.9426791386793828,-0.9966510163040073,-0.9921799167303188
2024-12-30,"CLX,HBS,VTD",3,0.006150435257243421,-0.020526732464148455,0.00743373314740962,0.004,0.002150435257243421,-0.9423265904329409,-0.9966438145313915,-0.9923404374874429
2024-12-31,"APG,CRE,MIG,HBS",4,-0.019943271055610307,-0.02580056606957811,0.006711904852778949,0.004,-0.023943271055610307,-0.943476786872638,-0.9967241725897793,-0.9925380585361122
2025-01-02,"APG,CRE",2,-0.01687975065992431,-0.03987748480842962,0.00553099979362659,0.004,-0.02087975065992431,-0.9444308846167256,-0.9967925710493097,-0.9928356219934797
2025-01-03,"TCI,CLX,APG,MPC,MIG",5,-0.00013335227683592966,-0.02839122841963297,0.009880005934289393,0.004,-0.00413335227683593,-0.9444382948847837,-0.9968058284830658,-0.9930390274859475
2025-01-06,"CRE,TDT,EVS,CLX,GEE",5,-0.0023775055987235393,-0.01993660799010403,0.008290585784573867,0.004,-0.00637750559872354,-0.9445703931497698,-0.9968261993297983,-0.9931778056661901
2025-01-07,"MPC,ELC,SBB,GSP",4,-0.00876341098324579,-0.004523265797979739,0.007603761653765084,0.004,-0.01276341098324579,-0.9450561455752381,-0.996866707852131,-0.9932086642644873
2025-01-08,"LAI,ACC,ELC",3,-0.028054705236069233,-0.004449898069470992,0.006518237547804784,0.004,-0.032054705236069236,-0.9465975792156582,-0.9969671446083495,-0.9932388850162659
2025-01-09,"NHA,SBB,APG,LAI",4,-0.005560516735239107,0.004260307115375506,0.006744392655978426,0.004,-0.009560516735239107,-0.9468945242701319,-0.9969961402730769,-0.9932100805899928
2025-01-10,"PLP,HT1,DRI,VPG",4,0.028574013987162916,0.019522998417328633,0.008135819066130534,0.004,0.024574013987162916,-0.9453770876638317,-0.996922323382132,-0.9930775210040975
2025-01-13,"SAM,HT1",2,0.04074651310228228,0.023199467288816573,0.005490615472688809,0.004,0.036746513102282274,-0.9431513944506412,-0.9968092294979689,-0.9929169231790745
2025-01-14,"NHA,MIG,DRI",3,-0.06011858698679514,-0.002458864518690177,0.00998285670730518,0.004,-0.06411858698679514,-0.9465690522884384,-0.9970138171939583,-0.9929343395053526
2025-01-15,NHA,1,0.0061823802163833985,0.0010202205726020583,0.008460326393752382,0.004,0.0021823802163833984,-0.9462387218543638,-0.9970073002076799,-0.992927130973157
2025-01-16,"NHA,EVS",2,0.01034661148473881,-0.0021722833869162878,0.007134022376867111,0.004,0.00634661148473881,-0.9456824747964679,-0.9969883067048075,-0.9929424952490419
2025-01-17,NHA,1,-0.010136847440445962,-0.010316312395185425,0.006813648685971563,0.004,-0.014136847440445962,-0.9462330832627986,-0.9970308825534592,-0.9930153026727833
2025-01-20,"EVS,ITD",2,-0.03160160245482441,-0.017618660182260534,0.007271501737259212,0.004,-0.03560160245482441,-0.9479322039907494,-0.9971365878924325,-0.9931383636814674
2025-01-21,"CTP,HBS,CLX",3,0.054090473096321055,0.02136373612749299,0.015303887420628751,0.004,0.05009047309632106,-0.9451158322715263,-0.9969931582252948,-0.9929917734937554
2025-01-22,"DSC,CTP,EVS,TCI,ITD",5,0.026587028772515574,0.03042312123701621,0.010730811675130836,0.004,0.022587028772515574,-0.9436566253249737,-0.9969252426036151,-0.9927785613690995
2025-01-23,"L14,GSP,BMS,TCI",4,0.023573004303176992,0.018046765723823435,0.012962755583795615,0.004,0.019573004303176992,-0.9423284427113039,-0.9968650603638645,-0.9926482377579386
2025-01-24,"TV1,L14,TNS,NHA,GSP,SAM,TCI",7,0.008820240786397458,-0.013927238710702984,0.0072436388555654485,0.004,0.0048202407863974575,-0.941819765689491,-0.9968499491999675,-0.9927506275056281
2025-02-03,"ITD,CLX,TCI,NAF,NHA",5,0.05645505038579779,0.02763310748982,0.007293728061117921,0.004,0.052455050385797786,-0.9385351976300337,-0.996684713126534,-0.9925503048162575
2025-02-04,"GSP,VIG",2,0.013947499069132507,0.009420070831293396,0.0071158680250617,0.004,0.009947499069132507,-0.9376779173561942,-0.9966517343134462,-0.992480128159955
2025-02-05,"D2D,VIG,SAM",3,0.04890932433467018,0.020434245879140688,0.007218014508532988,0.004,0.04490932433467018,-0.9346297864029562,-0.9965013659637701,-0.992326465249796
2025-02-06,"CSC,VIG,NAF,MIG",4,0.035614380805674334,0.010377362536664436,0.005504439366970482,0.004,0.03161438080567433,-0.9323016667225628,-0.996390758815049,-0.9922468341977554
2025-02-07,"AVG,S99,VPH,EVS,VTD,NAF",6,-0.020414910284261328,0.017827770652268187,0.009914260057655352,0.004,-0.024414910284261328,-0.9336837221228157,-0.9964788781147739,-0.992108612536004
2025-02-10,"VIG,D2D,AVG,VPH,MIG,EVS",6,0.03010200163074696,0.0140685302327633,0.006822265112515158,0.004,0.02610200163074696,-0.9316874694180116,-0.9963869697855836,-0.9919975923128883
2025-02-11,"AVG,VIG,AGG,BMS,MIG,THT,NHA",7,0.019600176420959237,0.010183461319321173,0.00816475723342504,0.004,0.015600176420959237,-0.9303485317668425,-0.9963306058768245,-0.9919161001037452
2025-02-12,"S99,AFX,BMS,TTN",4,0.014201796686451634,0.02301174094563233,0.010707416054007102,0.004,0.010201796686451634,-0.9293593557760823,-0.9962931714640174,-0.9917300754935021
2025-02-13,"AVG,PHC,AGG,CST,DCL,NAF",6,-0.006533109847721615,0.013990257121897111,0.011438084366548326,0.004,-0.010533109847721614,-0.929820858864511,-0.9963322158961736,-0.9916143771232775
2025-02-14,"VPH,TNT,CST,D2D,EVS,VLC",6,0.026360377659929563,0.02186285505933484,0.008692914761926981,0.004,0.022360377659929563,-0.9279709102003301,-0.9962502028584369,-0.9914310434657415
2025-02-17,"LBM,CST,SD3,L14,SAM,HBS,S99,PCH",8,0.016352470165079985,0.01045082413603354,0.00771027116685552,0.004,0.012352470165079985,-0.9267930566583631,-0.9962038836011207,-0.9913414908079726
2025-02-18,"CRE,PHC,S99,NAF,VLC,VPH,ACC,D2D",8,0.004033498494857207,-0.0022807091079734606,0.007299813305155861,0.004,3.3498494857207156e-05,-0.9264977765625815,-0.996203756436935,-0.9913612383487483
2025-02-19,"MCO,PHC,ACC,TCI,VIG,HBS,VPH,VCP,PCH,VLC",10,-0.002001947988013608,0.014957247186110237,0.009548855452170258,0.004,-0.006001947988013608,-0.9266449241909065,-0.9962265412933504,-0.9912320262553487
2025-02-20,"TS3,L14,VIG,TCI,S99,NHH,VCP",7,-0.006951213303364361,-0.005648682426491486,0.009091431685214328,0.004,-0.010951213303364361,-0.92715483096974,-0.9962678652445384,-0.9912815537545561
2025-02-21,"TDT,TCI,NHH,DVN,DSC,VIG",6,0.016227481503858388,0.007438643993444973,0.0071729228511716965,0.004,0.012227481503858387,-0.9259727373366561,-0.996222230635846,-0.9912167003367602
2025-02-24,"TV1,D2D,TCI,LBM,PHC,L14,ACC,VIG,TTN,PCH",10,0.004216577516030306,-0.003608824273348394,0.009005622932195156,0.004,0.00021657751603030607,-0.9256605956453365,-0.996221412455941,-0.991248397721785
2025-02-25,"TCI,L14,CRE,MCM,S99,EVS,TNT,VLC,DVN,HBS",10,-0.005984074506820336,-0.0016475201591960164,0.00894019186335937,0.004,-0.009984074506820336,-0.9261054481797875,-0.9962591381555114,-0.9912628161629636
2025-02-26,"TCI,HCD,L14,TV1,VLC,VIG,EVS,VPH,NAF",9,-0.019975433834486522,-0.016242159362706437,0.007257644445501896,0.004,-0.023975433834486522,-0.9275815239104012,-0.9963488269411479,-0.9914047268952261
2025-02-27,"TDT,CRE,VLC,TCI,TV1,APP",6,-0.02560954108966229,-0.037356480977695006,0.009565779824525444,0.004,-0.02960954108966229,-0.9294361278494685,-0.9964569364998594,-0.9917258160514626
2025-02-28,"TV1,EVS,L14,GSP,TCI,VPH",6,-0.018698333633640207,-0.02666328301112108,0.006247071617967892,0.004,-0.022698333633640207,-0.9307555546734206,-0.9965373581372708,-0.9919464329597686
2025-03-03,"VLC,TV1,VPH,GDA,EVS",5,-0.006971335019675817,-0.02870362149171014,0.007333013131351596,0.004,-0.010971335019675817,-0.9312382809000438,-0.9965753479412,-0.9921775994997495
2025-03-04,"CRE,NAF,GDA,GSP,TCI,EVS,MIG,PSB",8,-0.03136214357646845,-0.021867392401599194,0.007346128635131954,0.004,-0.035362143576468455,-0.9333947958070214,-0.9966964509790027,-0.9923486550010109
2025-03-05,"LAI,L14,VPH,TT6,TNT,EVS,NHH",7,0.02423962331616956,0.0047209636373520365,0.007379355609214195,0.004,0.02023962331616956,-0.931780310746487,-0.9966295883912112,-0.9923125332794939
2025-03-06,"CVT,GDA",2,0.020597284879732225,-0.011161272368273521,0.013306354738338078,0.004,0.016597284879732225,-0.9303751703725257,-0.9965736487095782,-0.9923983351893835
2025-03-07,L14,1,0.009740259740259827,-0.02625138532026196,0.005369409338220388,0.004,0.005740259740259827,-0.9296970064475827,-0.9965539805632098,-0.9925978894214025
2025-03-10,"CRE,PSB,S99,DST,BMS,L14",6,-0.014463856656718713,-0.014083919855353419,0.007066383767828495,0.004,-0.018463856656718715,-0.9307138588688632,-0.996617607372127,-0.9927021401535518
2025-03-11,"CRE,ACC,AFX",3,-0.01746741796420348,-0.012033821344643942,0.007336971230251048,0.004,-0.02146741796420348,-0.9319241088551274,-0.9966902186083886,-0.9927899612951423
2025-03-12,"NAF,CRE,ACC,NHH,HMR",5,0.0013962830001581939,-0.009449342348595458,0.007607746685168637,0.004,-0.0026037169998418064,-0.9318290556456013,-0.9966988363424637,-0.9928580914192111
2025-03-13,"CRE,ACC,TNT,TV1,MIG",5,-0.01977300511052944,-0.0030461322296748794,0.006813077852279204,0.004,-0.02377300511052944,-0.9331770000767105,-0.996777314922965,-0.9928798466171205
2025-03-14,"NAF,DST,TTN,S99,GDA",5,-0.018502233116036226,0.0036011020276578228,0.008419271753478074,0.004,-0.022502233116036226,-0.934413374798804,-0.996849832533828,-0.9928542062183361
2025-03-17,"CRE,VPH,NHH",3,-0.03701241981765879,-0.012796214662008844,0.006343429191844348,0.004,-0.041012419817658796,-0.9368408945051742,-0.9969790285244465,-0.9929456453294967
2025-03-18,"TDT,LSG,MIG,VLC,LBM",5,0.005585797415277471,-0.021592877909392915,0.006738258535495723,0.004,0.0015857974152774712,-0.9364881005369499,-0.996974237875689,-0.9930979691486265
2025-03-19,,0,0.0,-0.016602031490736965,0.0,0.0,0.0,-0.9364881005369499,-0.996974237875689,-0.993212556882171
2025-03-20,"NHH,NAF,VLC",3,-0.04228531977666713,-0.027373100678006065,0.006901371529822435,0.004,-0.046285319776667125,-0.9391737215153685,-0.9971142862431809,-0.9933983502459816
2025-03-21,"NAF,TVN",2,-0.06420999720037662,-0.028271949758773667,0.005317308870519288,0.004,-0.06820999720037663,-0.943079376686576,-0.9973111207704546,-0.9935849917561522
2025-03-24,"SD3,ELC,SAM",3,-0.07429153489761513,-0.02762002051871399,0.005791161767870386,0.004,-0.07829153489761513,-0.9473080971598593,-0.99752163725249,-0.993762174415475
2025-03-25,"PHC,NAF,EVS",3,-0.036266657769547996,-0.03453810666166728,0.010743578613448582,0.004,-0.04026665776954799,-0.9492190563673889,-0.9976214326370728,-0.9939776171008502
2025-03-26,"EVS,ELC",2,-0.09601213697442568,-0.06703653994555976,0.005582842685559641,0.004,-0.10001213697442568,-0.9540946432831338,-0.9978593182419767,-0.9943813368126365
2025-03-27,"PHC,BMS,VTD",3,-0.060447798903484395,-0.1146827640796223,0.007015303292413992,0.004,-0.0644477989034844,-0.9568695210545476,-0.9979972804694343,-0.9950257006373958
2025-03-28,NHA,1,-0.147117296222664,-0.1317225126282428,0.004192890751195888,0.004,-0.151117296222664,-0.9632147605017911,-0.9982999260299856,-0.9956809278480031
2025-03-31,"VIN,AGG",2,-0.02286585365853655,-0.09810899262469458,0.008822494653971225,0.004,-0.02686585365853655,-0.9640558864049513,-0.9983455999684727,-0.9961046676659089
2025-04-01,"PHC,TDT,AGG",3,-0.0826932678718711,-0.0932572943269109,0.011039872869898456,0.004,-0.08669326787187111,-0.9670282226188837,-0.9984890253135732,-0.9964679358198903
2025-04-02,,0,0.0,-0.07956150586054991,0.0,0.0,0.0,-0.9670282226188837,-0.9984890253135732,-0.9967489521648559
2025-04-03,"LAI,BCA,MML,MPC,PPH,TV1,DVN,TCW,GDA,ONE",10,-0.0013421873977373044,-0.02145344509355854,0.03383696024702339,0.004,-0.005342187397737305,-0.9670724769229656,-0.9984970972235013,-0.9968186983410837
2025-04-04,"MPC,CSC,GDA,LBM,IDV,LSG,TTN,S99,VNL,EVS",10,0.015089850609841127,0.013998816292303606,0.01725514880995138,0.004,0.011089850609841127,-0.9665756055187811,-0.9984804302562288,-0.9967741638835902
2025-04-08,"DVN,L14,ELC,NHH,MIG,NHA,HCD,MML,HIO,LBM",10,0.07498182581903487,0.08612138411748924,0.03397699504279783,0.004,0.07098182581903487,-0.9640693833936836,-0.9983725684213566,-0.9964963504123088
2025-04-09,"GSP,HCD,DSC,CST,VIG,VPH,TCI,S99,DVN,CLX",10,0.09884643490510424,0.10029361735515596,0.020482269741173863,0.004,0.09484643490510423,-0.960517770038207,-0.9982182123380702,-0.9961449567212144
2025-04-10,"BVS,TVN,SAM,TCI,OIL,MPC,CSM,BTP,VNR",9,0.03791264881062666,0.008325009541556133,0.011145167617079411,0.004,0.03391264881062667,-0.9590208941194053,-0.9981577871988361,-0.9961128634491353
2025-04-11,"TTN,CSC,LAI,GSP",4,-0.03384572721019816,-0.013923100011372824,0.007834612982514588,0.004,-0.03784572721019816,-0.9604078617583577,-0.998227507081972,-0.9961669844400909
2025-04-14,"CTP,L14,ELC,TVN,NHH,SAM,CRE",7,-0.0062353174908493635,-0.009979568257195901,0.02048835566816384,0.004,-0.010235317490849364,-0.9606547313104359,-0.9982456491097383,-0.996205236280502
2025-04-15,"CTP,AVG,HT1,S99,GDA,TVN,ELC,L14,CRE",9,-0.014076029847241718,-0.010014052713473361,0.009242492129127275,0.004,-0.018076029847241718,-0.961208556486858,-0.9982773608087933,-0.9962432372444241
2025-04-16,"CTP,SAM,L14,TVN,MCM",5,-0.00923417309807828,0.0014764510581076612,0.009724252593785333,0.004,-0.01323417309807828,-0.9615667633909827,-0.9983001585140352,-0.9962376905680786
2025-04-17,"TDC,ACC,CRE",3,0.04011871771483122,0.0009259170587827029,0.008029597367095112,0.004,0.03611871771483122,-0.9600248712205981,-0.9982387624192437,-0.9962342069815951
2025-04-18,"AVG,CST,CRE,AFX",4,-0.0183369982896871,0.0027783846643272343,0.012583339494111834,0.004,-0.0223369982896871,-0.960757895088656,-0.9982781031800728,-0.9962237441600238
2025-04-21,"THT,TDC",2,0.005350310856049811,0.0026096517225461654,0.01074527234679945,0.004,0.0013503108560498113,-0.9605479376287347,-0.9982757780841038,-0.9962138894474662
2025-04-22,"CST,AVG,PCH,BMS,EVS,SBB,VPH",7,0.06640664250132208,0.0396866109231446,0.014393848538672507,0.004,0.06240664250132208,-0.9579280586269061,-0.9981681751834056,-0.9960636315510558
2025-04-23,"PCH,BVS,HAP,PHC",4,0.034304788188663504,0.050553335992969475,0.005813129503227044,0.004,0.030304788188663504,-0.9564847895894163,-0.99811266212034,-0.9958646349942643
2025-04-24,"CTP,NHA,NAF,MIG",4,0.04306352541663522,0.035293381623179076,0.012886140159546478,0.004,0.039063525416635214,-0.95461087121989,-0.9980389360491081,-0.9957186839789657
2025-04-25,"CST,AFX,THT,PHC",4,-0.012112418815706572,0.022148081040261152,0.006617031323445988,0.004,-0.01611241881570657,-0.9551606433573546,-0.9980705335328093,-0.9956238610447729
2025-04-28,"CST,NHA",2,0.03806195954289637,0.019305256442283942,0.004590166301374876,0.004,0.03406195954289637,-0.9534539695788927,-0.9980048121240644,-0.9955393785600151
2025-04-29,"CRE,BVS",2,-0.0018602646538067313,0.018685231832794993,0.009625007939376484,0.004,-0.005860264653806731,-0.9535405575140602,-0.9980165044530515,-0.9954560308142906
2025-05-05,"THT,HAP,NHA",3,0.0343536257253072,0.022672203775632768,0.010102965291969005,0.004,0.030353625725307202,-0.9519445072154917,-0.9979562981715916,-0.9953530090189621
2025-05-06,"PHC,HAP,CRE,AFX",4,0.00118687094757422,0.01034602721911034,0.00829218759899275,0.004,-0.00281312905242578,-0.9518874715472345,-0.9979620473685795,-0.9953049311237853
2025-05-07,"TS3,HAP,CRE,NAF,HIO",5,0.030580952417814177,0.022039653287484817,0.008863488957787036,0.004,0.026580952417814177,-0.9504161446039197,-0.997907876646654,-0.9952014534335926
2025-05-08,CRE,1,0.01379310344827589,-0.00020250736420594773,0.006685520040577764,0.004,0.00979310344827589,-0.9497322293570772,-0.9978873882662281,-0.9952024251746098
2025-05-09,"HAP,CRE",2,0.024433614330874542,0.004191569991717003,0.00777495899743097,0.004,0.020433614330874542,-0.9485040060359152,-0.9978442199728293,-0.9951823158039387
2025-05-12,"CRE,NAF,AFX,MPC",4,0.043768355735773395,-0.0014872947375692655,0.005617180666100452,0.004,0.03976835573577339,-0.9462501110531278,-0.9977584881458208,-0.9951894811202907
2025-05-13,"TCI,MPC,CLX,PCH,MIG,CRE,AFX,NHH,THT",9,-0.0056551538363927255,-0.0077197503617812925,0.006356010535999361,0.004,-0.009655153836392726,-0.9465540749438115,-0.9977801302875989,-0.9952266171251527
2025-05-14,"HCD,HAP,NHH,EVS,THT,TCI,LDP,L14,HT1,LSG",10,-0.009572805557053431,-0.00855354192082729,0.008480817667231855,0.004,-0.013572805557053431,-0.9470657023921912,-0.9978102601475674,-0.9952674464556769
2025-05-15,"HAP,HCD,LDP,TCI,L14,CRE,NHH,SAM,PCH",9,-0.003863620894964886,-0.011669007963569587,0.00941043043882085,0.004,-0.007863620894964885,-0.947270220450489,-0.9978274794316255,-0.9953226706606736
2025-05-16,"SAM,L14,CRE,CLX,BMS,VPG,TCI",7,-0.009301779882251957,-0.020887467604793285,0.006410777298495659,0.004,-0.013301779882251957,-0.9477607012530983,-0.9978563778220156,-0.9954203682257258
2025-05-19,"HIO,GSP,L14,NHH,SAM,LDP,TVN,VPH",8,0.016595747002207506,-0.0008790528424671892,0.011495898857025233,0.004,0.012595747002207506,-0.9468937510675219,-0.9978293772993935,-0.9954243939640544
2025-05-20,"OIL,HCD,EVS,TCI,SAM,S99,NHH,NAF,DVN,LDP",10,0.02599438253384494,0.013934056273805548,0.008807001290658789,0.004,0.02199438253384494,-0.9455132869178335,-0.9977816357933798,-0.9953606372120627
2025-05-21,"SAM,LSG,NAF,HAP,TVN",5,0.01681113483138228,0.019849623429328285,0.007085444288454701,0.004,0.01281113483138228,-0.9445973034376903,-0.9977532160304236,-0.9952685476077702
2025-05-22,"TCI,VBB,SAM,NHH,TTN,DSC,AVG,LSG,S99,TVN",10,0.04952667701976528,0.0239637009807698,0.008949078628253759,0.004,0.045526677019765274,-0.9418533919790248,-0.9976509274223074,-0.995155164497438
2025-05-23,"VIG,NAF,TTN,TDC,L14",5,0.05455065544631168,0.023183821813125605,0.008523575835121599,0.004,0.05055065544631168,-0.9386814563995008,-0.9975321802638142,-0.9950428426944327
2025-05-26,"CTP,HAP,SAM,VIG,TCI",5,-0.005440846743962768,0.014869520835805256,0.014353551586066438,0.004,-0.009440846743962769,-0.9390150811977942,-0.9975554785717352,-0.9949691321405912
2025-05-27,"CTP,VIG,MIG,TCI",4,0.006224137556870263,0.008389535897293056,0.008461852356886457,0.004,0.0022241375568702627,-0.9386355026742746,-0.9975500416198181,-0.9949269254940901
2025-05-28,"LSG,CTP,CSC,CST,HAP,NAF,TNT,TCI",8,0.0009294938103170808,0.006995467944420315,0.007000948847918714,0.004,-0.0030705061896829193,-0.9385784647538372,-0.9975575642321889,-0.9948914369640044
2025-05-29,"NAF,DVN,PHC,NHH,SAM",5,-0.0016460947211185406,0.014032742214583727,0.005715070592531735,0.004,-0.005646094721118541,-0.9386795704187689,-0.9975713544558842,-0.9948197498158333
2025-05-30,"TDT,HAP,TCI,GDA,NAF,SAM,S99,CLX",8,0.007325624091031213,0.0013783179212158334,0.00713855232046412,0.004,0.003325624091031213,-0.9382303600025562,-0.9975632776937541,-0.9948126097841681
2025-06-02,"HBS,NAF,GMH,S99,CST,VPH,LSG,SAM",8,0.006634379865776696,0.005644348293509217,0.007589314461014379,0.004,0.002634379865776696,-0.9378205567466409,-0.997556858441572,-0.9947833303470556
2025-06-03,"PHC,TCI,HAP,NAF,CSC,S99,LSG,VLC,SAM,TTN",10,-0.011609789565699257,-0.016140433389803723,0.008780934343188496,0.004,-0.015609789565699257,-0.9385424469981247,-0.9975949953671783,-0.9948675296561056
2025-06-04,"VPG,VPH,VBB,HAP,TCI,TDT,TTN,NAF,VIG",9,-0.015590433558234307,-0.011483199244660486,0.008002160644667435,0.004,-0.019590433558234307,-0.9395005968948522,-0.9976421104506449,-0.9949264668356819
2025-06-05,"HBS,VPG,TTN,VNP,LSG,TVN",6,-0.02445213982802787,-0.017979475260895873,0.007555648848045715,0.004,-0.02845213982802787,-0.9409799367590914,-0.9977091974538022,-0.995017686299695
2025-06-06,"VPH,L14,CLX,DVN,NAF,TTN,BMS,MIG,PCH,LSG",10,0.01172784470103041,-0.007722220249704153,0.006759365960003883,0.004,0.00772784470103041,-0.940287758623157,-0.9976914944874844,-0.9950561608234418
2025-06-09,"VPH,L14,SAM,TCI,VNR,MIG,LSG",7,0.0007443605767376889,0.0002707674185773223,0.007883772032351308,0.004,-0.0032556394232623113,-0.9402433111847275,-0.9976990101490397,-0.9950548221928702
2025-06-10,"ACC,NAF,L14,PCH,HT1",5,0.018034553198445845,0.0016169981567197905,0.008228993582509902,0.004,0.014034553198445845,-0.9391656260013255,-0.9976667167845674,-0.9950468258494715
2025-06-11,HAP,1,-0.005154639175257825,0.0075950837040109015,0.010287504425573246,0.004,-0.009154639175257825,-0.9394792052487414,-0.9976880771504983,-0.9950092060771976
2025-06-12,"DVN,TTN,L14,GDA,HAP",5,-0.004472552104602179,0.0021203533847744963,0.00664116871811018,0.004,-0.008472552104602179,-0.9397498876566783,-0.9977076650373026,-0.9949986238304107
2025-06-13,"S99,VPH,L14,GSP,HAP,TCI",6,0.007351172936526189,0.00529757076255585,0.00807767163860947,0.004,0.0033511729365261885,-0.9393069786613975,-0.9976999830264142,-0.9949721286862421
2025-06-16,"PHC,L14,PGB,NAF,TVN,TDT",6,-0.017020539650407413,0.0021037847213706273,0.007392814977941975,0.004,-0.021020539650407413,-0.9403400066375941,-0.9977483306244039,-0.9949615511273913
2025-06-17,"GSP,JVC",2,-0.016155136268343806,-0.012869097843971961,0.006265684043836317,0.004,-0.020155136268343806,-0.9413038219601323,-0.9977937133275003,-0.9950263914189147
2025-06-18,"TTN,ACC,VNP,TDT,HT1,EVS,MIG,VLC",8,-0.009262205002280283,-0.015570965422254956,0.006452029237695639,0.004,-0.013262205002280283,-0.9418474779939878,-0.9978229735536449,-0.9951038353061545
2025-06-19,"JVC,HIO,LAI,MIG",4,0.0022090625108122652,0.009110868867213488,0.00574311098917768,0.004,-0.0017909374891877348,-0.9417190154377152,-0.9978268724719226,-0.9950592269916767
2025-06-20,"CTP,VNR,VLC,MIG,DST,GSP,HT1,AVG",8,0.014060082005092872,0.011074481400151817,0.008387587303478827,0.004,0.010060082005092872,-0.940899580015432,-0.9978050106307826,-0.9950045104928936
2025-06-23,"GSP,VNP,MIG,PSB,L14",5,0.004546162663741016,-0.003545708431502244,0.008971982735180184,0.004,0.0005461626637410155,-0.9406308998926867,-0.9978038118095418,-0.9950222230421585
2025-06-24,"VLC,DST",2,0.0060975609756098725,0.008179976448243776,0.007048277851167795,0.004,0.0020975609756098725,-0.9402688931847152,-0.9977992051708985,-0.9949815049438787
2025-06-25,"VPH,HPD,VBB,PHC,VLC,ELC,L14,VIG",8,0.0028036508519053427,0.02632178408690118,0.006918570010935043,0.004,-0.0011963491480946574,-0.9401014280162073,-0.9978018380899174,-0.9948494092005703
2025-06-26,"VBB,JVC,AGG",3,0.08148149807632572,0.032578109601172744,0.007583229229682094,0.004,0.07748149807632572,-0.9352208026383353,-0.9976315212121099,-0.9946816126889957
2025-06-27,"HAP,VLC,SMT,AGG,L14",5,0.0502070163275351,0.03790231585875788,0.008851748869342257,0.004,0.0462070163275351,-0.9319684324187135,-0.9975220808740863,-0.9944800334932747
2025-06-30,"PTI,GSP,VLC,HAP,CLX",5,0.023230586114313456,0.04174987361240712,0.005462235166663154,0.004,0.019230586114313455,-0.9303880192295247,-0.9974744290369512,-0.9942495755892743
2025-07-01,"MIG,DST,JVC,CLX,NHH,VLC,CTP,TTN",8,0.029345470828179246,0.056725341722348076,0.007284825674520962,0.004,0.025345470828179246,-0.9283452228785329,-0.9974104172517827,-0.9939233807995274
2025-07-02,"DCL,MIG,CTP,DST,JVC,CLX,CRE",7,0.02566475976346207,0.04249899447284547,0.007481456167501209,0.004,0.02166475976346207,-0.926506220237806,-0.997354314563655,-0.9936651305937129
2025-07-03,"LAI,EVS,CLX,L14,GSP,VRG,SAV,TCI,LBM",9,0.05143339221813879,0.043506579446766044,0.006458275693775957,0.004,0.04743339221813879,-0.9227261858377036,-0.997228820728667,-0.9933895220946033
2025-07-04,"DCL,VPG,GSM,TTN,MIG,JVC,TCI,VRG,ACL,SAM",10,0.06046851790716938,0.04459156723124218,0.008880195111447064,0.004,0.05646851790716938,-0.9180535528222755,-0.9970723363423598,-0.9930947505246542
2025-07-07,"PHC,L14,LSG,MIG,S99,CRE,CTP,VLC,CLX",9,0.04294628689492903,0.02943257348978864,0.00671963681905827,0.004,0.03894628689492903,-0.9145342571917608,-0.9969583147136175,-0.9928915112620058
2025-07-08,"TTN,GDA,JVC,TNT,MIG,CRE",6,0.052702732116204944,0.027350602607486722,0.006274948120659207,0.004,0.04870273211620495,-0.9100299790434258,-0.996810176329933,-0.9926970898113932
2025-07-09,"PHC,VLC,NHH,TDT,S99,LSG,MIG,TNT,VBB,CLX",10,0.04762364282419773,0.02026887658409775,0.009643535999976804,0.004,0.04362364282419773,-0.9057452789005043,-0.9966710246014778,-0.9925490680260755
2025-07-10,"PHC,PLP,NAG,LSG,GDA,MIG",6,0.03202843527978618,0.011516505165725615,0.008351890295033101,0.004,0.02802843527978618,-0.9027264476659548,-0.9965777186299724,-0.9924632593295083
2025-07-11,"PHC,THT,VPH,S99,NAF,MIG,CLX,LAI,SAV,DST",10,0.00396711865521151,0.006959959993530329,0.008299029882242025,0.004,-3.2881344788489655e-05,-0.9023405519418317,-0.9965778311591861,-0.99241080391596
2025-07-14,"NAF,S99,LAI,MIG,TCI,VBB,EVS,TNT,VRG,VLC",10,0.022854000282638988,0.019792089828623335,0.007039810648300881,0.004,0.018854000282638988,-0.9001086428883079,-0.9965133095868941,-0.9922605978653377
2025-07-15,"PHC,DST,GDA,CST,AFX,MIG,TDS,HAP,HBS,ITD",10,0.007338439360811633,0.013695138323128648,0.009571861861702224,0.004,0.0033384393608116326,-0.8993755962214747,-0.9965016694823801,-0.9921546056825652
2025-07-16,"GDA,MIG,SBB,NAF,DSC,NHH,PHC,XMC,HCD",9,0.0011021183916123266,0.015259281875424004,0.006656964376291634,0.004,-0.0028978816083876733,-0.8992646962154254,-0.9965118072300471,-0.9920348905992517
2025-07-17,"SAV,DSC,TDS,GSP,PHC,CLX,GDA,VBB",8,0.0007461842905707172,-0.004506751605466362,0.00802852331891793,0.004,-0.003253815709429283,-0.8991895291142354,-0.9965231571664794,-0.9920707873688311
2025-07-18,"TDT,CSC,VRG,LSG,PHC,GDA,MIG,HBS",8,0.015239483675601517,0.018476805867423753,0.006919156165325402,0.004,0.011239483675601517,-0.8976532295888421,-0.9964840792482095,-0.9919242808463635
2025-07-21,"PHC,CLX,GDA,THT,DVN,TDS,VPH",7,0.012097035606026596,0.011477241917737682,0.008219613371972967,0.004,0.008097035606026596,-0.8964151370630165,-0.9964556107126943,-0.9918315938639776
2025-07-22,"PHC,SBA,CLX,BTS,CTX,GSP",6,0.009740213862733419,0.006890866737769718,0.01113664675892471,0.004,0.005740213862733419,-0.8954061983450683,-0.9964352651601723,-0.9917753064658342
2025-07-23,"GHC,AFX,PLP,PHC,SAV,GDA,CLX,GSP,DSC,VLC",10,0.005811870622011517,0.0010321866594134772,0.009981264078928409,0.004,0.001811870622011517,-0.8947983127019855,-0.9964288063218408,-0.9917668170468905
2025-07-24,"PHC,GHC,APP,GSP,LDP,VBB,VCP",7,-0.0036385898221527363,0.0008204071985966932,0.011531819358203561,0.004,-0.007638589822152736,-0.8951810984906614,-0.9964560852055238,-0.9917600624843284
2025-07-25,"PHC,GSP,BTS,AFX,CLX,HCD,VCP,GDA,HAP",9,0.013668400122587175,0.00042793597785930183,0.008804578007407502,0.004,0.009668400122587175,-0.8937483918044217,-0.9964218212192903,-0.9917565363186102
2025-07-28,"PHC,ITD,CSC,HCD,VCP,PLP,MIG,CTP",8,0.014880589478837872,-0.0031086944343663566,0.008363882617176188,0.004,0.010880589478837872,-0.892167305241397,-0.9963828885248956,-0.9917821627282764
2025-07-29,"CSC,PLP,GSP,CTP,PHC,HCD,CLX,VBB",8,0.046558081707092275,0.01416534801448883,0.00850374692680611,0.004,0.04255808170709227,-0.88714682182813,-0.9962289511991944,-0.991665754203396
2025-07-30,"PHC,PGB,GSP,TV1",4,0.034222986482564416,0.032814343432966527,0.0073535056378324914,0.004,0.030222986482564416,-0.8832846490370396,-0.9961149788422626,-0.9913922713995714
2025-07-31,"BTS,GSP,CLX,ANT,DSC,TMT,HAP,VCP",8,-0.002576319721291992,0.014736044352226826,0.008442123091663367,0.004,-0.006576319721291992,-0.883585345097503,-0.9961405279835199,-0.9912654275291436
2025-08-01,"MIG,PLP,HCD",3,0.022816728516717677,0.010005289044551053,0.006089977963174675,0.004,0.018816728516717677,-0.8809291435212253,-0.9960679053463679,-0.9911780356068921
2025-08-04,"CLX,PLP,VPH,GSP,DVN",5,0.023299572649587864,0.030301195963334176,0.008395145809429749,0.004,0.019299572649587864,-0.8781548434502495,-0.995992017599935,-0.990910719535035
2025-08-05,"PGV,CTP,PHC,GSP,HCD,PCH,HBS,VCP",8,0.034303014366222906,0.026435000379672797,0.00623192476079687,0.004,0.030303014366222906,-0.8739751872946687,-0.9958705636516864,-0.9906704444024926
2025-08-06,"BTS,MIG,GSP,DSC,PBC",5,0.010302959695558256,0.008459361812928057,0.0075600764097210945,0.004,0.006302959695558255,-0.8726767587287254,-0.9958445359808176,-0.9905915223161396
2025-08-07,"CLX,GSP,PCH,VPH,HCD",5,-0.0015732175526637748,0.002439135854682417,0.0074375499978383,0.004,-0.005573217552663775,-0.8728770658867555,-0.9958676952858287,-0.9905685737608828
2025-08-08,"PHC,BTS,CLX,VPH,PCH,PVO,CTP,AFX,VBB,HAP",10,0.0018745744568988698,0.002171844170685775,0.007345138494049497,0.004,-0.0021254255431011303,-0.8726387644815807,-0.9958764781918201,-0.9905480901727841
2025-08-11,"PCH,VPH,DVN,GSP,VBB",5,-0.007787825715816199,0.002052129995293685,0.006116712617946485,0.004,-0.0117878257158162,-0.8736306315867493,-0.9959250855482303,-0.9905286936251149
2025-08-12,"PCH,HCD,HAP,VLC,VPH",5,-0.012503843779740943,-0.0013826658476274985,0.007787205328152069,0.004,-0.016503843779740943,-0.875210734427933,-0.9959923372997581,-0.9905417892769719
2025-08-13,"RYG,PLP,HAP,CLX,HCD,TV1",6,-0.011108832830014107,0.0013749980270570195,0.006883974428896285,0.004,-0.015108832830014107,-0.8765969975181533,-0.9960528884055352,-0.9905287842558882
2025-08-14,"SBA,RYG,VBB,GDA,GSP,HBS",6,-0.0007266871370030606,-0.006894909694886116,0.006808088911789523,0.004,-0.004726687137003061,-0.8766866728927245,-0.996071545167137,-0.9905940874331447
2025-08-15,"CLX,CSC,HCD,VBB,RIC,CST",6,-0.012221087978819082,-0.019956804602895,0.007036146767378552,0.004,-0.016221087978819083,-0.8781936959122634,-0.9961352689786017,-0.9907817993923533
2025-08-18,"CTP,VBB,HCD",3,-0.010630312895641167,-0.03701431974960864,0.011342827689096039,0.004,-0.014630312895641167,-0.8794885350373776,-0.9961918112027023,-0.9911230048171608
2025-08-19,"BTS,CLX,VBB,MPC,RYG,BTP",6,-0.015618690502008833,-0.03308057568884036,0.007011355058846129,0.004,-0.01961869050200883,-0.8813707663105725,-0.9962665228800897,-0.9914166609281961
2025-08-20,"CLX,MCF,GSP,VBB,BTP",5,-0.017189826622630956,-0.010395841091489355,0.00771780838018068,0.004,-0.021189826622630956,-0.8834099822700693,-0.9963456346129601,-0.991505891957221
2025-08-21,"BTS,PCH,TDT,RYG,CLX,DVN,PHC",7,0.008547074186665624,-0.0122960433834057,0.006803263147788912,0.004,0.004547074186665624,-0.8824134787391069,-0.9963290179424401,-0.9916103358782183
2025-08-22,"SHN,TDT,PCH",3,0.03513670425435141,0.02120801823515238,0.006389037165278462,0.004,0.031136704254351413,-0.8782818759172649,-0.9962147156597908,-0.9914324077285368
2025-08-25,"VPG,GDA,PGB,PCH,VBB,S99,PHC,TDT,AVG,NHH",10,0.0510583000152018,0.05006032757419291,0.00840731241554844,0.004,0.047058300015201796,-0.8720671554205611,-0.9960365866136663,-0.9910035112529052
2025-08-26,"CLX,GDA,TDT",3,0.03428141592489246,0.02293016419235576,0.006449871694554614,0.004,0.030281415924892457,-0.8676814363650788,-0.9959165688444325,-0.9907972202887797
2025-08-27,"GHC,PCH,DCL,VBB,VPG,RYG",6,0.02337919509481512,0.00804809685054839,0.007128120291923816,0.004,0.01937919509481512,-0.8645879348511922,-0.9958374352354126,-0.9907231554263695
2025-08-28,"PHC,PCH",2,-0.0012837089887535735,-0.01564916278862537,0.010293638986429654,0.004,-0.005283708988753574,-0.8647617645364094,-0.9958594290162754,-0.9908683302772671
2025-08-29,"VBB,CLX",2,-0.008203799654576849,-0.01908781942983314,0.006084879353782546,0.004,-0.012203799654576849,-0.8658712319257912,-0.9959099597150164,-0.9910426339400275
2025-09-03,"PCH,PHC,ELC,VPG,VBB",5,-0.003737220078620629,-0.030440561535569642,0.0065777006892862476,0.004,-0.007737220078620629,-0.8663725006509588,-0.9959416052568317,-0.9913153011927727
2025-09-04,"SBA,PCH,TDT,VBB,DVN",5,-0.0056571363027483335,-0.028199322364035394,0.007501158618301629,0.004,-0.009657136302748334,-0.8671284496285717,-0.9959807977280368,-0.9915602038140722
2025-09-05,"MIG,LSG,PHC,AVG",4,0.00641102474048133,-0.012068111984008546,0.007049995167446366,0.004,0.0024110247404813302,-0.8662766068318344,-0.9959711073319222,-0.9916620562195662
2025-09-08,"CTX,LSG,MIG,CLX,PCH,AVG,PBC,VTD,HBS",9,0.023259696571992672,0.021318739072604294,0.007325611621488,0.004,0.019259696571992672,-0.8631662412821656,-0.9958935120816138,-0.9914843017717091
2025-09-09,"CTP,PCH,CTX",3,0.03227149371212823,0.016753301002519625,0.007528849401419106,0.004,0.02827149371212823,-0.8587504114980962,-0.9957774155342503,-0.991341635716044
2025-09-10,ELC,1,0.045695045695045566,-0.019385768321258594,0.0059053935701884885,0.004,0.04169504569504556,-0.8522960050970952,-0.9956013546819996,-0.9915094847600937
2025-09-11,"PHC,PCH,PLP",3,-0.002149522910768568,0.007034286824314204,0.005257441984111821,0.004,-0.0061495229107685675,-0.852613498218151,-0.995628404252159,-0.99144976004061
2025-09-12,"HCD,PCH,MIG,MPC,VPG,GDA",6,0.001673681253660279,-0.029836805572927245,0.007985816465837922,0.004,-0.002326318746339721,-0.8523668201930763,-0.9956385739772986,-0.9917048718878803
2025-09-15,"PCH,PHC,VIG,MIG",4,-0.01481349588297376,-0.02394190647531101,0.00680520607997287,0.004,-0.01881349588297376,-0.8545537836943364,-0.9957206276478207,-0.9919034730693413
2025-09-16,"GDA,ALV",2,-0.06479421579532818,-0.023676000412469256,0.007503123030558223,0.004,-0.06879421579532818,-0.8639778572202595,-0.996015023712885,-0.9920951664442912
2025-09-17,"VTD,PPH,HCD,GSP,TTN,MIG,PHC,VPG",8,-0.020860537390925193,-0.010163841147516117,0.008456136742557407,0.004,-0.024860537390925194,-0.8668153522157102,-0.9961140923648728,-0.9921755099168489
2025-09-18,"PCH,CLX",2,0.001983020387928358,-0.01822080935511002,0.007402263964508604,0.004,-0.002016979612071642,-0.8665512443437948,-0.9961219301613472,-0.9923180784589549
2025-09-19,"PCH,VIG",2,0.0025000000000000577,-0.02793142269100024,0.00718932832990371,0.004,-0.0014999999999999424,-0.8662176224546543,-0.9961277472661052,-0.992532645456597
2025-09-22,"LAI,CLX,MPC,PHC,PCH",5,-0.003335976866195289,0.004519037469703495,0.00834341590926182,0.004,-0.007335976866195289,-0.8666639173712501,-0.9961561540225812,-0.9924989002016158
2025-09-23,"PCH,CTX",2,0.006160616061606117,-0.013255849310068813,0.005474014250752224,0.004,0.0021606160616061167,-0.8658424849590158,-0.996147848947224,-0.992598333650203
2025-09-24,PCH,1,-0.004975124378109541,-0.016688961358056777,0.006380716959635269,0.004,-0.008975124378109541,-0.8665099352826029,-0.9961824224820459,-0.9927218597738999
2025-09-25,"LSG,DST,PHC,VLC,AFX",5,0.024306120557687484,-0.009039678171951978,0.0057557081633091475,0.004,0.020306120557687483,-0.8632653096763283,-0.996104902292728,-0.9927876518192342
2025-09-26,"PCH,LSG,DSC",3,0.05122189638318667,-0.01847680929841754,0.006903076298027851,0.004,0.047221896383186676,-0.856261499536582,-0.9959209683923929,-0.992920913001164
2025-09-29,"CLX,PHC,MPC,PCH",4,0.01719234970782546,-0.015121576855242938,0.007732801683634549,0.004,0.01319234970782546,-0.8537902969701365,-0.995867156380956,-0.993027959959282
2025-09-30,"HAP,VMD,PHC",3,-0.006566225474279356,-0.0036593928508075625,0.008023148697373491,0.004,-0.010566225474279357,-0.854750342846758,-0.9959108249384847,-0.9930534733927624
2025-10-01,"DTL,LSG,NHH,DSC,DRI",5,0.015002891644677274,-0.010739041641174098,0.006729898539080637,0.004,0.011002891644677274,-0.8525711779790615,-0.9958658321883668,-0.9931280724312591
2025-10-02,"DTL,ELC,DRI",3,-0.0032999771889106557,-0.012754006980917021,0.005514419462518294,0.004,-0.007299977188910655,-0.8530576897287185,-0.9958960115190868,-0.9932157170434431
2025-10-03,"DTL,PHC,CTX",3,0.02057006711816345,-0.014154402224315188,0.01048587769427578,0.004,0.01657006711816345,-0.8500350765439403,-0.9958280081545059,-0.9933117445132138
2025-10-06,"CLX,PHC,CTX",3,-0.019609966456112016,-0.04429927610771696,0.008898177074449695,0.004,-0.023609966456112016,-0.852975883662507,-0.9959265087420333,-0.9936080293897019
2025-10-07,"HAP,PHC,NHA,VBB,TS3,VPH,ELC,BMS,VNP",9,-0.037255341207397076,-0.04089200974059931,0.007782151565807218,0.004,-0.04125534120739707,-0.8584533172823763,-0.996094562013786,-0.9938694099141598
2025-10-08,"VMD,DSC,ELC,DTL",4,0.016121563453491528,-0.037386003583089335,0.009262423375058948,0.004,0.012121563453491527,-0.856171363455313,-0.9960472219994224,-0.9940986081770755
2025-10-09,DSC,1,-0.016853932584269704,-0.05558674845022763,0.005255452702554342,0.004,-0.020853932584269704,-0.8585954415993244,-0.996129652965367,-0.9944266473598427
2025-10-10,"PHC,MPC,HBS,TTN,BMS,DSC,CTX,VPH,NHA,VTD",10,-0.06085048725955046,-0.059313440272362745,0.008525837560239525,0.004,-0.06485048725955046,-0.8671999778787272,-0.9963806468564266,-0.9947572220787815
2025-10-13,"LDP,VBB,S99,TTN,DHM,PGB",6,-0.02385838400271743,-0.05777603430391512,0.007890361724730455,0.004,-0.02785838400271743,-0.8703683718020658,-0.9964814761861417,-0.9950601289958055
2025-10-14,"PGB,BMS,VBB,GSM,VPH,VPG",6,-0.03456000368760648,-0.055432068319049656,0.006835280969873033,0.004,-0.03856000368760648,-0.8748484413506169,-0.996617150477379,-0.9953339562627974
2025-10-15,"TNT,TTN,PHC,RYG,EVS",5,-0.027766137099267583,-0.02358713243944785,0.006749088362447741,0.004,-0.03176613709926758,-0.8783234166862627,-0.9967246105391008,-0.995444014854395
2025-10-16,"VBB,PHC,BMS",3,-0.033544944958465606,0.002335122766658124,0.006478196242839888,0.004,-0.03754494495846561,-0.8824050509762562,-0.9968475848561278,-0.995433376069757
2025-10-17,"VBB,TDS,EVS,TTN,VIG,MIG",6,0.011786814933872014,-0.0073862624234287775,0.007038877806436232,0.004,0.007786814933872014,-0.8810189810749551,-0.9968230375828077,-0.9954671063524949
2025-10-20,"MIG,MCM,NHH",3,0.04460298398330309,0.02236392556191962,0.006792376222107229,0.004,0.04060298398330309,-0.8757120725935243,-0.9966940434286669,-0.995365733056382
2025-10-21,"SAV,GSP",2,0.0037735849056603765,0.027086742271692575,0.013302670022775631,0.004,-0.00022641509433962356,-0.8752430615467075,-0.9966947919471358,-0.995240205862062
2025-10-22,"VPG,GSP,PCH",3,0.009466383123816646,0.00385413014969553,0.012476651529729358,0.004,0.005466383123816646,-0.8740620645699542,-0.996676724413615,-0.9952218609959685
2025-10-23,AGG,1,-0.015527950310559091,0.0015214322864449523,0.026669733272576046,0.004,-0.01952795031055909,-0.8760176225735263,-0.9967416211741342,-0.9952145913810188
2025-10-24,"AGG,PCH",2,-0.010523958799820876,-0.002350954786099313,0.009821197776264778,0.004,-0.014523958799820876,-0.8773224080054663,-0.9967889457339553,-0.9952258416603149
2025-10-27,"PRE,CSV",2,0.09910426698553254,0.0038165543534669443,0.009170693540312636,0.004,0.09510426698553254,-0.8651645351752979,-0.9964835607717323,-0.9952076208255195
2025-10-28,,0,0.0,-0.00861929047203278,0.0,0.0,0.0,-0.8651645351752979,-0.9964835607717323,-0.9952489277336765
2025-10-29,"OIL,AFX,PRE",3,0.024167544615777598,-0.022257080542032223,0.00953987799198345,0.004,0.020167544615777598,-0.8619058930633579,-0.9964126428267076,-0.995354672731769
2025-10-30,"CLX,PPH,AFX,AGG",4,-0.004206959526762255,-0.015844855957203443,0.01020084558515938,0.004,-0.008206959526762255,-0.8624868493821246,-0.9964420841218368,-0.9954282772732083
2025-10-31,"HBS,TTN,CLX,RYG,PLP,BVS,AVG",7,-0.040320859391043316,-0.030295121840082973,0.010253281700222836,0.004,-0.04432085939104331,-0.8680314977926074,-0.996599774011198,-0.9955667781702354
2025-11-03,"CTX,CLX,TTN,BVS,ELC,ASM,CTP",7,-0.023841298359142282,-0.017651688993387215,0.01008923176185239,0.004,-0.027841298359142282,-0.8711777982277429,-0.9966944407174407,-0.9956450320232132
2025-11-04,"CTP,S99,NHH,DST",4,-0.011497816796729787,-0.01702551640058796,0.006446779067744102,0.004,-0.015497816796729787,-0.8726589723030717,-0.9967456696696126,-0.995719177601926
2025-11-05,"VPG,TTN,TDT",3,-0.004373710580607093,-0.009411700161262245,0.01182233988623893,0.004,-0.008373710580607093,-0.8732159251032552,-0.9967729204899329,-0.9957594674187803
2025-11-06,"VPG,AGG,TTN,ACC,ELC",5,-0.008765709109838093,-0.0031824955944544345,0.006779690175370767,0.004,-0.012765709109838094,-0.87432727742356,-0.9968141164482328,-0.9957729628950381
2025-11-07,"VPG,HT1,BTP",3,0.011538652008121689,0.02411137465777552,0.006446458202929699,0.004,0.007538652008121689,-0.8728771836108371,-0.9967900991807976,-0.9956710432197081
2025-11-10,"CTX,HT1,BVS,ELC",4,0.027204003201187432,0.02580903202726848,0.0058382418313595585,0.004,0.023204003201187432,-0.8694189341068423,-0.9967156166319133,-0.9955593170355209
2025-11-11,"ILA,PBC,SD3,BTP,OIL",5,-0.022102524533080127,0.011226307917727324,0.007357624148635766,0.004,-0.026102524533080127,-0.8723051053193016,-0.9968013473293549,-0.9955094645611966
2025-11-12,"ILA,PCH",2,0.019230769230769273,0.0019073295695130113,0.008311130865905847,0.004,0.015230769230769273,-0.8698494342677497,-0.9967526293886789,-0.9955008996301713
2025-11-13,"NAG,HAP,BVS,PCH",4,0.023270339177799748,-0.006313949763236565,0.008038938235413906,0.004,0.019270339177799748,-0.8668207864589778,-0.9966900514555628,-0.9955293067238861
2025-11-14,"BVS,ELC",2,-0.01334072431633404,-0.011890992535280814,0.006021336106485697,0.004,-0.01734072431633404,-0.8685974936314947,-0.9967474483607731,-0.99558246770426
2025-11-17,"TS3,MIG",2,-0.004310344827586188,-0.012515366091807683,0.008393249580951112,0.004,-0.008310344827586188,-0.8691638837451521,-0.9967744781864646,-0.9956377547381635
2025-11-18,"VIG,CSM,GDA,HT1,MIG",5,-0.03654670774174233,-0.012200239449768785,0.005616930828412992,0.004,-0.040546707741742335,-0.8739455130479826,-0.9969052624767526,-0.9956909751748965
2025-11-19,"BVS,MIG,TNT,VIG",4,-0.02519729537033996,-0.009438952479096773,0.007046542692593805,0.004,-0.02919729537033996,-0.8771217451884693,-0.9969956204423125,-0.9957316478554519
2025-11-20,"BTP,VLC,CLX,TVN,MIG,AGG,TDC,JVC",8,-0.013528943141372221,0.004245888183354292,0.00709265870699638,0.004,-0.01752894314137222,-0.8787841581111255,-0.9970482840407543,-0.9957135249095189
2025-11-21,"TVN,BMS,TDC",3,-0.02345232666710099,-0.019284944379470294,0.005136481059417368,0.004,-0.02745232666710099,-0.8816269516323311,-0.9971293155114961,-0.9957961893432229
2025-11-24,"HAP,NHH,ILA,ASM,BVS,TVN,BMS",7,-0.003565820190066666,-0.004641532593287174,0.007987083764323888,0.004,-0.007565820190066666,-0.8820490486381602,-0.9971510345941584,-0.9958157014674023
2025-11-25,"NHH,BMS,TVN",3,-0.008280590717299549,0.00665992278703792,0.005308710971294446,0.004,-0.012280590717299549,-0.8830257521911038,-0.9971860215722754,-0.9957878343622573
2025-11-26,"ASM,CSM,VLC,OIL",4,-0.016385752175846507,-0.03362932634340473,0.00611924123123897,0.004,-0.020385752175846508,-0.8849424632266564,-0.9972433866391311,-0.9959294866551014
2025-11-27,"ASM,TVN,LDP,NHH,DST",5,0.0032996082676823636,-0.011048684725028153,0.0072813262781544095,0.004,-0.0007003917323176365,-0.8845628184270599,-0.9972453173483383,-0.9959744604737182
2025-11-28,"CTX,NHH,SWC,HBS,NHA,BMS",6,-0.01498792568239419,-0.0157557000851193,0.009624984185251595,0.004,-0.018987925682394192,-0.8862929823254602,-0.9972976230578067,-0.9960378856671751
2025-12-01,"CTX,NHH,NHA",3,0.001846722068328699,0.0002785081052064838,0.005865709548071418,0.004,-0.002153277931671301,-0.8860829970665968,-0.9973034420264393,-0.9960367821862197
2025-12-02,"DST,JVC,OIL,NHH,VLC",5,0.010758113797866065,-0.008833926560288514,0.00789102941409361,0.004,0.0067581137978660645,-0.8848574649855274,-0.9972852183807914,-0.9960717929613291
2025-12-03,"CLX,TDT,NHH,TCI",4,-0.010361040965207652,-0.02353237146495783,0.007971177819601993,0.004,-0.014361040965207652,-0.8860504615076502,-0.9973242054708364,-0.9961642329885543
2025-12-04,"EVS,DST,AGG",3,-0.04680246502355948,-0.046601682737114916,0.00914682482748567,0.004,-0.05080246502355948,-0.8913835807973891,-0.9974601424288145,-0.9963429861858752
2025-12-05,"DST,BMS,TCI",3,-0.02964185625931859,-0.035173171941180255,0.0057003893499743,0.004,-0.03364185625931859,-0.8946031730827948,-0.9975455879521435,-0.9964716149615507
2025-12-08,"S99,NHH,NHA,GDA,ASM",5,-0.03094466693077389,-0.042940340315702624,0.00657013178215089,0.004,-0.03494466693077389,-0.8978646427873082,-0.9976313565636667,-0.9966231250158665
2025-12-09,"BCP,GDA,CTI,TTN,ASM,CTX",6,0.02511841274199957,-0.0184456625856806,0.0059679295541780935,0.004,0.02111841274199957,-0.8952991647292882,-0.9975813345739396,-0.9966854137124179
2025-12-10,"GDA,MIG,CSV,CRE",4,-0.03967672324932836,-0.022775089467847346,0.0067982048484998,0.004,-0.043676723249328364,-0.8994533507942977,-0.9976869739543864,-0.9967609037116665
2025-12-11,"HAP,NHH,CTI",3,-0.02238131612179998,-0.01887013549243813,0.0062669645644423495,0.004,-0.02638131612179998,-0.9017037171351583,-0.9977479946256936,-0.9968220258975004
2025-12-12,"DVN,NHH,L14,TTN,RYG,NHA",6,0.0067470399233048135,0.0026128121492001166,0.007564302005988899,0.004,0.0027470399233048134,-0.9010405081903567,-0.997741808277023,-0.9968137224481555
2025-12-15,,0,0.0,-0.00187322369541508,0.0,0.0,0.0,-0.9010405081903567,-0.997741808277023,-0.9968196910587658
2025-12-16,GDA,1,-0.012048192771084487,-0.01191290608161355,0.005695526858410016,0.004,-0.016048192771084487,-0.9022327912242079,-0.9977780481731073,-0.9968575777804932
2025-12-17,AGG,1,0.0,-0.03246824920460974,0.004539463255140541,0.004,-0.004,-0.9022327912242079,-0.9977869359804149,-0.9969596067282223
2025-12-18,,0,0.0,-0.03241479814193633,0.0,0.0,0.0,-0.9022327912242079,-0.9977869359804149,-0.997058160462399
2025-12-19,"BMS,PLP,PCH,AGG,VPG",5,-0.022158222455603994,-0.019379462424130536,0.005221457559076059,0.004,-0.026158222455603994,-0.9043991387851253,-0.9978448258013477,-0.9971151717311758
2025-12-22,"CTP,PLP,NAG,GDA",4,-0.0267177844179399,-0.019622617109268856,0.009946028632901838,0.004,-0.0307177844179399,-0.9069533819852338,-0.997911027977765,-0.997171779611721
2025-12-23,"VNP,NAG,NHH,VPG,PLP",5,-0.009263791021420165,-0.010372466540434413,0.006594422410201117,0.004,-0.013263791021420165,-0.9078153464097725,-0.9979387356661176,-0.9972011152330673
2025-12-24,"MCM,NAG,VPG,TDC,SAM",5,0.0007102028078271427,-0.012931171296808973,0.011412289898553363,0.004,-0.003289797192172857,-0.9077498766099541,-0.9979455168077355,-0.9972373080914286
2025-12-25,"NAG,VPG,PLP,TDC,PCH",5,-0.007745665799849699,-0.0060514723774100585,0.0068952287273247315,0.004,-0.0117456657998497,-0.9084644152357283,-0.9979696480807032,-0.9972540264452006
2025-12-26,"TST,NAG,BVS",3,-0.06799829864555618,-0.03580532564874608,0.0075146346284474435,0.004,-0.07199829864555618,-0.9146886792652249,-0.9981158299645443,-0.997352346922553
2025-12-29,"VLC,SAM",2,-0.03525641025641024,-0.01696873157218512,0.009540362501622823,0.004,-0.039256410256410246,-0.9176964501885663,-0.9981897957164491,-0.9973972742369205
2025-12-30,"VIG,NHA,HMR",3,-0.02539875280777552,-0.002005671874957419,0.00557087044285461,0.004,-0.02939875280777552,-0.9197868577054293,-0.9982430134647127,-0.9974024944507818
2025-12-31,"CTP,TV1,CSV,NAG,BVS,NHA",6,-0.006467973618154543,-0.017660902170142215,0.011932709363736657,0.004,-0.010467973618154543,-0.9203056741936199,-0.9982614055534116,-0.9974483687421729
2026-01-05,"MPC,NHA,BMS,BVS",4,0.02915689970123142,-0.0018966257022711153,0.00539573326752224,0.004,0.02515689970123142,-0.917982034729326,-0.9982176679072976,-0.9974532082315992
2026-01-06,"CTP,PCH,CRE,NHA,TDC,VBB",6,0.008203802942101471,-0.00030257938980069083,0.0072418489929630585,0.004,0.004203802942101471,-0.9173091755045333,-0.9982101753344025,-0.9974539788382984
2026-01-07,"DVN,CTP,SAM,CSM,BMS,APG,TDC,BTP",8,-0.001791127694501321,-0.0004219096956161269,0.006775613074308712,0.004,-0.005791127694501321,-0.9174572853303683,-0.9982205404375918,-0.9974550530293118
2026-01-08,"BMS,BTP,TDC,APG",4,-0.005191641065388858,-0.003088348083487402,0.00863286264363522,0.004,-0.009191641065388858,-0.9178858174774958,-0.9982368965911798,-0.9974629127114113
2026-01-09,"VNP,MPC,DVN,JVC,BMS",5,0.04040872570704044,0.008548462898589784,0.008637343510360917,0.004,0.03640872570704044,-0.9145676879992861,-0.9981727042427749,-0.9974412245148543
2026-01-12,"VBB,VNP,CSM,DVN,AFX,TDC,TCI",7,-0.017559072148930394,-0.009974436294690841,0.006978637113176113,0.004,-0.021559072148930394,-0.9160678001295566,-0.9982120990438423,-0.9974667468579234
2026-01-13,"TTN,PCH,BTP,VNP,VIG",5,-0.008554142491295736,-0.008146570811282283,0.007158967957650431,0.004,-0.012554142491295736,-0.9167857681268562,-0.9982345446072063,-0.9974873841840282
2026-01-14,"VNR,VBB,HID,TDC,PGV,MCM,TTN,TCI,BMS,NHH",10,-0.00473070656287371,-0.00983673941591375,0.0094371546230539,0.004,-0.00873070656287371,-0.9171794302397029,-0.9982499582801906,-0.9975121001310622
2026-01-15,"SCL,PGV,S99,TCI,VBB,TTN,TDC,GSP,APG",9,-0.0006177036058628479,-0.012882436799752374,0.006967199870815621,0.004,-0.004617703605862848,-0.9172305888042835,-0.9982580394541506,-0.9975441503438879
2026-01-16,"TDC,NHH,BMS,PSB,TCI",5,-0.023879927906188824,-0.03306855401160454,0.008287248174384088,0.004,-0.027879927906188824,-0.919207116376475,-0.9983066051885843,-0.9976253617408853
2026-01-19,"NHH,BMS,TDC",3,-0.012067322959669724,-0.02696890618246174,0.006158027798331744,0.004,-0.016067322959669724,-0.9201820701960031,-0.9983338135099176,-0.9976894031373127
2026-01-20,"VNP,TCI,BMS,RYG,DVN,MCM,NHH,GDA,GSP",9,-0.009290373107432205,-0.01438706153387026,0.007046582233257813,0.004,-0.013290373107432205,-0.920923608544545,-0.9983559577500373,-0.9977226458365562
2026-01-21,"BTS,VNP,NHH,HCD,BMS,TDC,DVN,VPG",8,-0.011741310393891952,-0.008788818119682995,0.010428418853618227,0.004,-0.01574131039389195,-0.9218520690014524,-0.9983818371293947,-0.9977426610880928
2026-01-22,"SBB,BMS,PGB,TDC,ITD,TTN",6,-0.016545977111887728,-0.027247519008488777,0.009963794509610158,0.004,-0.020545977111887728,-0.9231451028790958,-0.9984150838666974,-0.9978041679730036
2026-01-23,"LDP,VPG,BMS,TTN,BVS,IDI",6,0.003148447645624497,-0.016335510484401183,0.009232673295531457,0.004,-0.0008515523543755031,-0.9229031292592007,-0.9984164335057621,-0.9978400380101026
2026-01-26,"NHH,MIG,BMS,TDC",4,-0.00621267621267621,-0.006074635569640928,0.006402166245158103,0.004,-0.01021267621267621,-0.9233821071541238,-0.9984326059576291,-0.9978531589920355
2026-01-27,"VPG,POS,BTP,TTN,BVS",5,0.006692997047001081,0.009991232340557798,0.0062673896195902575,0.004,0.002692997047001081,-0.9228693038235589,-0.9984283849701014,-0.9978317094047267
2026-01-28,"VPG,MIG,HAP,TDC,TTN",5,0.010779481895618837,0.012087446379979373,0.005733316893317486,0.004,0.0067794818956188364,-0.9220378748805286,-0.9984177302344595,-0.9978055003084201
2026-01-29,"ITD,NHH,TD6,VNP,CTI",5,-0.012010141599693802,-0.02155630379664779,0.006680438618977158,0.004,-0.0160101415996938,-0.9229742110426264,-0.9984430625974546,-0.9978528056104534
2026-01-30,"TDC,AGG,SCL,S99",4,-0.007403317355034161,-0.02645551587724743,0.005724617255858433,0.004,-0.011403317355034161,-0.9235444574027998,-0.9984608168487578,-0.9979096107457176
2026-02-02,"JVC,TDC,TD6,S99,VLC",5,-0.01888166773626827,-0.018490999395124556,0.005583437499213861,0.004,-0.02288166773626827,-0.9249880655547162,-0.9984960359262097,-0.9979482641321541
2026-02-03,"SWC,CLX,TD6,MPC",4,-0.020153331010256126,-0.018488579703825298,0.005106952594074898,0.004,-0.024153331010256126,-0.9264998058993117,-0.9985323616683116,-0.997986197814278
2026-02-04,"MPC,CLX,VIG,ITD",4,0.019548454551529287,-0.003473780671336992,0.005020468993007565,0.004,0.015548454551529287,-0.9250629906954058,-0.9985095421604132,-0.9979931933213867
2026-02-05,"CLX,TDC,MPC,POS,IDI",5,0.00035220103656030677,-0.008433145709208792,0.006286157910536039,0.004,-0.0036477989634396933,-0.9250365978030519,-0.9985149790509755,-0.9980101170145176
2026-02-06,"VLC,BVS,VTD,L14,DVN,NHH,HAP,MPC",8,0.02589400137712672,0.018823119264107926,0.00818445949226776,0.004,0.02189400137712672,-0.9230954953633301,-0.9984824660002725,-0.9979726612097602
2026-02-09,"SCL,BVS,IDI,MPC,CSV,EVS,AGG",7,0.016866545058434466,-0.003537099498956553,0.009106532552537112,0.004,0.012866545058434466,-0.9217983820706791,-0.9984629405806873,-0.9979798321087794
2026-02-10,"AGG,S99,NHH",3,0.027843536774001015,0.023075726534394003,0.006436911589169296,0.004,0.023843536774001015,-0.9196209724460777,-0.9984262916478991,-0.9979332152669681
2026-02-11,"FDC,IDI,MIG",3,0.010911703352107635,-0.008839069971978697,0.0074248273261794395,0.004,0.006911703352107635,-0.9187439003416784,-0.9984154146426066,-0.9979514837218404
2026-02-12,"VIN,MPC,CTI,IDI,JVC",5,0.023419546340341248,-0.014632107944064025,0.008528531957232532,0.004,0.019419546340341248,-0.916840919350295,-0.9983846427138285,-0.9979814578331475
2026-02-13,"HPX,CSV,CLX,IDI,AGG,TDC",6,-0.04180096725668947,-0.020461722108620916,0.012413289786309659,0.004,-0.04580096725668947,-0.9203170493576297,-0.9984586276400003,-0.9980227606820302
2026-02-23,PLP,1,-0.01272727272727281,-0.014376981081646178,0.004348234696821773,0.004,-0.01672727272727281,-0.921331196002169,-0.9984844105958403,-0.9980511874142985
2026-02-24,"MPC,MIG",2,-0.04362120958284477,-0.03645913116261526,0.008137417457381613,0.004,-0.04762120958284477,-0.92476282438899,-0.9985565847964973,-0.998122239427972
2026-02-25,"CLX,ITD,HAP,MPC,VNL,VLC,BMS,MIG,GDA,RYG",10,-0.025595611840324363,-0.024645607339801458,0.007902626840508886,0.004,-0.029595611840324363,-0.9266885659318918,-0.9985993035525846,-0.9981685179777083
2026-02-26,"PGV,VNP,BMS,MIG,BVS",5,-0.03993481124142859,-0.0442671755301611,0.006884516261082396,0.004,-0.04393481124142859,-0.9296162442132402,-0.9986608428866084,-0.9982495925138695
2026-02-27,"EVS,AFX,AGG,POS",4,-0.060031842037890415,-0.08741255184288273,0.006688981098547098,0.004,-0.06403184203789042,-0.9338415107226644,-0.998746591583357,-0.9984026000989971
2026-03-02,"BMS,NHH,NHA,EVS,TTN,AFX,VBB",7,-0.06829452331186692,-0.0600134726299239,0.0064562455021649,0.004,-0.07229452331186692,-0.9383597732108933,-0.9988372061473533,-0.9984984656142349
2026-03-03,"TTN,LDP,EVS,BTP,NHA,PLP,VIG,TDC",8,-0.03035676616592599,-0.0411454651317454,0.007376965814813674,0.004,-0.03435676616592599,-0.9402309711619449,-0.9988771559838479,-0.9985602469449485
2026-03-04,"TCI,VPG",2,-0.03608474576271181,-0.049020515484233466,0.00972490418428762,0.004,-0.040084745762711815,-0.9423877213720503,-0.9989221649007665,-0.9986308243818771
2026-03-05,"AGG,DST,SCL,BMS,EVS",5,-0.05526341963177343,-0.04426689223437108,0.008023734962526641,0.004,-0.05926341963177344,-0.9455715729018093,-0.9989860410945461,-0.9986914335314145
2026-03-06,"S99,TDT,BVS,PCH,AFX,AGG,AVG",7,-0.0301493256432506,-0.03160180565641899,0.006344319832576614,0.004,-0.0341493256432506,-0.9472125532746426,-0.9990206671073975,-0.9987327865946433
2026-03-09,"POS,MML,GDA,TV1,SJM,CLX,CSC,BTP,LAI,BMS",10,0.08390087025552698,0.039192384467468366,0.026738753905835577,0.004,0.07990087025552697,-0.9427836405558178,-0.9989424175570086,-0.9986831214796582
2026-03-10,"TNT,POS,NHH,PCH,TDT,AVG",6,0.029336004070722677,0.005297442300167952,0.008715316411482155,0.004,0.025336004070722676,-0.9411051412022513,-0.9989156226439279,-0.9986761453916804
2026-03-11,"ILC,TNT,CSM,S99,PCH,BVS",6,0.03428601234155689,0.0017687456904872142,0.010697172238979554,0.004,0.03028601234155689,-0.9390858713466574,-0.9988827811779389,-0.9986738038295471
2026-03-12,"BVS,TNT,TDT,PCH",4,0.02041372330360028,-0.0008855429121432869,0.008588501065425469,0.004,0.01641372330360028,-0.9378423871790482,-0.9988644434573241,-0.998674978233166
2026-03-13,"RYG,PCH,BVS",3,-0.02176180766202111,-0.00915973628090106,0.0065698636985753,0.004,-0.02576180766202111,-0.9391950491939881,-0.9988936974465659,-0.9986871150831166
2026-03-16,"EVG,CSM,PCH",3,-0.00030369585149155515,-0.030207677029660963,0.012538315580021756,0.004,-0.004303695851491555,-0.9392135154052981,-0.9988984586362756,-0.9987267742866629
2026-03-17,"GSP,EVG,HT1,PCH,TCI,VTD",6,-0.022659919783074745,-0.008938980826846762,0.007796833920165724,0.004,-0.026659919783074745,-0.9405909322701091,-0.9989278256406702,-0.9987381556269027
2026-03-18,"EVG,PCH",2,0.05310766740460382,0.007834415572505818,0.004781868653652821,0.004,0.049107667404603816,-0.9374358552602925,-0.9988751736588325,-0.998728269813696
2026-03-19,"GSP,PCH,TD6,HT1",4,-0.002532411201897261,-0.0068110104467014355,0.005947355327978687,0.004,-0.006532411201897261,-0.9375942934012684,-0.9988825214870237,-0.9987369315812803
2026-03-20,"ELC,GSP,BTP",3,0.00496399463896106,0.01070979358406765,0.01597243393233024,0.004,0.0009639946389610595,-0.9372845118082718,-0.998881444243728,-0.9987234043792332
2026-03-23,BTP,1,0.011848341232227444,0.025132393929012793,0.006485839590642195,0.004,0.007848341232227444,-0.9365414373036305,-0.9988726654364655,-0.9986913204752041
2026-03-24,"ELC,HT1,TNT,PCH,BVS,BMS,CST",7,0.0338878008527606,0.03146073632540955,0.009489232922004685,0.004,0.0298878008527606,-0.9343909661685734,-0.9988389718855362,-0.99865014845374
2026-03-25,"GSP,BTP",2,-0.00615067079463355,0.002631147227379238,0.009407846059100389,0.004,-0.01015067079463355,-0.9347945057368245,-0.9988507570997094,-0.9986465967955868
2026-03-26,"PCH,ELC,VLC,HT1,EVG,GSP",6,0.011205760410461582,-0.011742465512376066,0.006181278851767742,0.004,0.007205760410461582,-0.9340638285906657,-0.9988424759307165,-0.9986624890860388
2026-03-27,"BMS,VLC,PLP,NAG",4,-0.006563423824438724,-0.01265819207085332,0.004645050652757277,0.004,-0.010563423824438724,-0.934496595628986,-0.9988547033480473,-0.9986794195560846
2026-03-30,"TMT,VBB",2,0.0020984665052461993,-0.018052050073877633,0.005019246040572023,0.004,-0.0019015334947538008,-0.9343591389289339,-0.9988568811679924,-0.9987032587403848
2026-03-31,"VBB,VLC,TDT,CSV,PCH,ELC,EVS",7,0.023163617423647698,0.0010560258003350625,0.006800268763199708,0.004,0.019163617423647698,-0.9328386591357248,-0.9988349748760261,-0.9987018893481583
2026-04-01,"RYG,MCM,VLC,CST,NHA,TCI",6,0.022230991047070974,0.010977980858486497,0.006740785008497101,0.004,0.018230991047070974,-0.9313455959682618,-0.9988137353134213,-0.9986876387142701
2026-04-02,PCH,1,0.02487562189054726,0.01742317884770632,0.006721667389371522,0.004,0.02087562189054726,-0.9296377749724475,-0.9987889713003621,-0.9986647732088761
2026-04-03,"RYG,TCI,TNT,TD6,NAG,ELC",6,0.03135335206942771,0.02075478313373217,0.006536046428376537,0.004,0.027353352069427708,-0.9274316833587704,-0.9987558456059747,-0.9986370608663919
2026-04-06,"RYG,SCL,TD6,BVS",4,0.004986901837855773,0.00942872714916795,0.007469552716312611,0.004,0.0009869018378557727,-0.927069792287142,-0.9987546177477168,-0.9986242100851802
2026-04-07,"SAM,BMS",2,0.027960663388615692,0.01566125642835018,0.011282888211074704,0.004,0.023960663388615692,-0.925030615298421,-0.9987247775627797,-0.9986026634865327
2026-04-08,"EVS,NAG,CLX,TDC",4,-0.011024432025596803,-0.009010437692205794,0.006228351135760646,0.004,-0.015024432025596803,-0.9258571101840644,-0.9987439370556052,-0.9986152541001224
2026-04-09,"SAM,TDC",2,-0.022184843967022194,-0.015599370034556324,0.00597443507653006,0.004,-0.026184843967022194,-0.927501958625895,-0.9987768268678169,-0.9986368552638184
2026-04-10,"SAM,PGB,BVS,PCH",4,-0.008269207510928689,-0.012973085406255221,0.007316846855781156,0.004,-0.012269207510928689,-0.9281014599741534,-0.9987918342327975,-0.998654539456902
2026-04-13,"BVS,TDC,EVS,VLC,SAM",5,-0.004090392721958236,-0.007282836600051899,0.008428173268149087,0.004,-0.008090392721958236,-0.9283955532389946,-0.9988016087683274,-0.9986643382261892
2026-04-14,"SAM,TDT,BMS,ASM,BVS",5,-0.01481051867387273,-0.011407566219051072,0.006636166472635851,0.004,-0.01881051867387273,-0.9294560522348808,-0.9988241511289694,-0.9986795748763202
2026-04-15,"APG,HCD,EVS,SAM,BVS,NHA",6,-0.0335643594714418,-0.020582036393999418,0.011747885376438597,0.004,-0.037564359471441794,-0.9318238146562039,-0.9988683211386448,-0.9987067519142713
2026-04-16,"CTP,NHA,BVS,CRE",4,-0.03873748276068836,-0.01888463331896538,0.007003345848800746,0.004,-0.04273748276068837,-0.9344647884606486,-0.9989166862444726,-0.9987311744301608
2026-04-17,"CTP,CSM,BVS",3,-0.030208955223880563,-0.01706274538510964,0.00971598990521024,0.004,-0.034208955223880566,-0.9364445387316285,-0.9989537452762288,-0.998752824077797
2026-04-20,MCM,1,0.031192660550458662,-0.022474392802553523,0.007220556976598402,0.004,0.02719266055045866,-0.9344620748021563,-0.998925294826676,-0.9987808535993665
